Shot Number,Club Name,Club Type,Shot Created Date,Ball Speed (mph),Push/Pull (deg L-/R+),Launch Angle (deg),Back Spin (rpm),Side Spin (rpm L-/R+),Total Spin (rpm),Carry (yds),Total Distance (yds),Offline (yds L-/R+),Peak Height (yds),Descent Angle (deg),Club Speed (mph),Club Speed at Impact Location (mph),Efficiency,Angle of Attack (deg),Club Path (deg out-in-/in-out+),Face to Target (deg closed-/open+),Loft (deg),Spin Efficiency
1,5h,Hybrid,5/30/2024 23:22,111.8,7.6,23.7,2784,894,2924,170.7,186.4,50,34.4,46.3,89.44,87.6512,,18.7,9.12,7.6,27,32.8980322
2,5h,Hybrid,5/30/2024 23:23,105.1,6.3,24.3,3108,760,3200,156.4,172.7,37.2,31.9,46.2,84.08,82.3984,,19.3,7.56,6.3,27,36.80304472
3,5h,Hybrid,5/30/2024 23:24,111.8,0.1,17.3,4892,1032,5000,157.2,170.4,17.9,26.2,43,89.44,87.6512,,12.3,0.12,0.1,27,52.98747764
4,5h,Hybrid,5/30/2024 23:24,116.3,-1.3,19.1,4008,732,4074,172.2,187.3,12.8,31.6,45.3,93.04,91.1792,,14.1,-1.56,-1.3,27,40.7566638
5,5h,Hybrid,5/30/2024 23:25,120.8,6.2,19.7,4442,1374,4650,174.8,188.3,50,34.8,47.7,96.64,94.7072,,14.7,7.44,6.2,27,48.14569536
6,4h,Hybrid,5/30/2024 23:26,127.5,2.5,16.5,4274,-46,4274,188.9,204.3,7.8,33.5,45.4,102,99.96,,11.5,3,2.5,24,33.16078431
7,4h,Hybrid,5/30/2024 23:27,120.8,-8.6,10.1,3656,-709,3724,170.7,188.9,-44.7,16.8,31.3,96.64,94.7072,,5.1,-10.32,-8.6,24,24.39569536
8,4h,Hybrid,5/30/2024 23:27,111.8,0.1,16.4,1767,-342,1800,176,199.6,-13.1,20.4,31.7,89.44,87.6512,,11.4,0.12,0.1,24,12.74597496
9,4h,Hybrid,5/30/2024 23:28,125.3,0.4,21.1,3276,395,3300,194.1,211.2,14.6,39.9,47.8,100.24,98.2352,,16.1,0.48,0.4,24,29.29768555
10,4h,Hybrid,5/30/2024 23:28,118.6,-9,11.2,3695,466,3724,172.2,189,-19,18.7,33.5,94.88,92.9824,,6.2,-10.8,-9,24,35.08431703
11,4h,Hybrid,5/30/2024 23:29,129.7,-4.8,12.6,3453,-2390,4199,179.6,186.1,-64.1,21.5,36.3,103.76,101.6848,,7.6,-5.76,-4.8,24,8.195836546
12,4h,Hybrid,5/30/2024 23:30,120.8,3,17.9,3561,-311,3575,184.5,200.8,1.8,31.8,44,96.64,94.7072,,12.9,3.6,3,24,26.90397351
13,4h,Hybrid,5/30/2024 23:31,129.7,3,11.1,4200,0,4200,189.7,205.4,10.8,23.8,38.2,103.76,101.6848,,6.1,3.6,3,24,32.38242097
14,4h,Hybrid,5/30/2024 23:31,134.2,-1.6,1.5,2695,756,2799,140,170.8,9.6,2.6,7.3,107.36,105.2128,,-3.5,-1.92,-1.6,24,25.71535022
15,4h,Hybrid,5/30/2024 23:32,111.8,3.3,16.9,2307,-744,2424,170,190.4,-12.3,22,35.2,89.44,87.6512,,11.9,3.96,3.3,24,13.980322
16,3w,FW,5/30/2024 23:33,120.8,-1.3,23.7,4287,731,4349,173.5,187.5,25.5,41.6,51,83.31034483,81.64413793,,16.7,-1.56,-1.3,15,41.5397351
17,3w,FW,5/30/2024 23:33,107.4,-7.7,24.2,2713,-1878,3300,152.2,158.1,-56.9,29.2,45,74.06896552,72.58758621,,17.2,-9.24,-7.7,15,7.774674115
18,3w,FW,5/30/2024 23:34,136.5,-2.3,17.1,2967,-211,2974,220.7,239.3,-18.3,38.4,45,94.13793103,92.25517241,,10.1,-2.76,-2.3,15,20.19047619
19,3w,FW,5/30/2024 23:36,132,0.1,21,3298,922,3424,202.9,219.3,32.5,43,48.8,91.03448276,89.2137931,,14,0.12,0.1,15,31.96969697
20,3w,FW,5/30/2024 23:41,120.8,-2.4,21.5,3899,1182,4074,177.4,192.5,21.5,37.2,48.5,83.31034483,81.64413793,,14.5,-2.88,-2.4,15,42.06125828
21,5h,Hybrid,5/30/2024 23:42,127.5,-1.5,13,4177,-783,4250,187.7,203.2,-24.7,26.3,40.5,102,99.96,,8,-1.8,-1.5,27,26.61960784
22,5h,Hybrid,5/30/2024 23:43,125.3,-3.7,10.9,4371,166,4374,180.9,196.5,-8.6,21.9,37.1,100.24,98.2352,,5.9,-4.44,-3.7,27,36.20909816
23,5h,Hybrid,5/30/2024 23:43,127.5,-6.8,13.4,4539,-883,4624,185.2,199.6,-43.7,27.4,41.6,102,99.96,,8.4,-8.16,-6.8,27,28.6745098
24,5h,Hybrid,5/30/2024 23:44,127.5,-1.4,16.9,3916,-1124,4074,188.3,203.9,-34.4,32.6,44.9,102,99.96,,11.9,-1.68,-1.4,27,21.89803922
25,Dr,Driver,5/30/2024 23:47,129.7,-4.5,19.3,3168,923,3300,203.5,221,15.6,38.9,46.8,83.67741935,82.00387097,,7.3,-5.4,-4.5,10.5,31.54202005
26,Dr,Driver,5/30/2024 23:47,129.7,-8.9,20.8,1845,-453,1900,225.8,234.1,-58.7,38.8,42.9,83.67741935,82.00387097,,8.8,-10.68,-8.9,10.5,10.73245952
27,5w,FW,5/30/2024 23:50,129.7,-2.7,15.2,3974,-23,3974,196.9,213.3,-10.5,32.4,44,89.44827586,87.65931034,,8.2,-3.24,-2.7,19,30.46260601
28,5w,FW,5/30/2024 23:51,123,-1.5,20.6,5147,2074,5549,172,184.8,34.6,37.4,49.8,84.82758621,83.13103448,,13.6,-1.8,-1.5,19,58.70731707
29,5w,FW,5/30/2024 23:51,138.7,-4,12.4,3193,-601,3249,217.9,235.8,-38.6,29.1,39.7,95.65517241,93.74206897,,5.4,-4.8,-4,19,18.68781543
30,5w,FW,5/30/2024 23:52,120.8,5.5,28.9,3197,583,3250,181.8,197.3,37.6,51.8,53.9,83.31034483,81.64413793,,21.9,6.6,5.5,19,31.29139073
31,5w,FW,5/30/2024 23:53,132,3.3,19.2,3882,-575,3924,201.9,217.5,-4.9,42,49,91.03448276,89.2137931,,12.2,3.96,3.3,19,25.0530303
32,5w,FW,5/30/2024 23:53,134.2,4.5,18.4,3789,-519,3824,207.7,223.6,1.1,41.9,48.5,92.55172414,90.70068966,,11.4,5.4,4.5,19,24.36661699
33,5w,FW,5/30/2024 23:55,123,2,29.7,3947,129,3949,175.1,189.1,10.4,54.9,55.5,84.82758621,83.13103448,,22.7,2.4,2,19,33.13821138
34,4h,Hybrid,5/30/2024 23:57,127.5,1.8,17.7,3424,-18,3424,198.7,216.1,8.4,35.4,45.1,102,99.96,,12.7,2.16,1.8,24,26.71372549
35,3w,FW,5/31/2024 0:03,138.7,-3.2,11.1,4606,632,4649,202.9,217.4,6.9,28.6,42,95.65517241,93.74206897,,4.1,-3.84,-3.2,15,37.76496035
36,3w,FW,5/31/2024 0:04,136.5,6.5,17.9,2987,614,3049,221.6,240,55.1,40.5,46.2,94.13793103,92.25517241,,10.9,7.8,6.5,15,26.38095238
37,3w,FW,5/31/2024 0:05,136.5,0.7,12.6,3707,-365,3725,210.7,228.2,-6.9,30.2,41.6,94.13793103,92.25517241,,5.6,0.84,0.7,15,24.48351648
38,3w,FW,5/31/2024 0:05,134.2,-1.4,15.6,2875,-1345,3174,207.5,226.2,-51.4,31,41.3,92.55172414,90.70068966,,8.6,-1.68,-1.4,15,11.40089419
39,3w,FW,5/31/2024 0:06,118.6,2.3,21.2,3217,-461,3250,184.5,201.3,-4,36.5,46.6,81.79310345,80.15724138,,14.2,2.76,2.3,15,23.23777403
40,3w,FW,5/31/2024 0:06,132,1.9,8.2,3122,1141,3324,188.4,208.5,41.8,15.7,28.4,91.03448276,89.2137931,,1.2,2.28,1.9,15,32.29545455
41,3w,FW,5/31/2024 0:07,134.2,-1.3,15.8,2699,-44,2699,219.8,239.9,-4.7,33.5,41.5,92.55172414,90.70068966,,8.8,-1.56,-1.3,15,19.78390462
42,5w,FW,5/31/2024 0:08,129.7,0.9,18.6,5522,1192,5649,184,196.8,30.3,39.9,50.2,89.44827586,87.65931034,,11.6,1.08,0.9,19,51.76561295
43,5w,FW,5/31/2024 0:09,120.8,1.7,22.8,4779,444,4800,172.8,186,17.5,41.2,51,83.31034483,81.64413793,,15.8,2.04,1.7,19,43.23675497
44,Dr,Driver,5/31/2024 0:10,143.2,-4.3,16.6,2868,-188,2874,237,257.5,-25.4,41.3,45.4,92.38709677,90.53935484,,4.6,-5.16,-4.3,10.5,18.7150838
45,Dr,Driver,5/31/2024 0:12,134.2,-4.1,16.5,4497,1526,4749,197.2,211.7,26.9,36.9,47.7,86.58064516,84.84903226,,4.5,-4.92,-4.1,10.5,44.88077496
46,Dr,Driver,5/31/2024 0:13,132,-4.8,16,2335,-739,2449,215.6,236,-49.7,30.6,39.4,85.16129032,83.45806452,,4,-5.76,-4.8,10.5,12.09090909
47,Dr,Driver,5/31/2024 0:13,136.5,2.3,16.4,4728,1184,4874,198.2,212.7,41.6,38.2,48.2,88.06451613,86.30322581,,4.4,2.76,2.3,10.5,43.31135531
48,Dr,Driver,5/31/2024 0:14,143.2,-0.3,16.4,4401,654,4449,214.1,229.3,22.1,42.7,49.1,92.38709677,90.53935484,,4.4,-0.36,-0.3,10.5,35.30027933
49,Dr,Driver,5/31/2024 0:15,129.7,-2.9,17.7,6328,3163,7074,172.5,183.8,42.6,35.1,49.7,83.67741935,82.00387097,,5.7,-3.48,-2.9,10.5,73.1765613
50,Dr,Driver,5/31/2024 0:15,145.4,-2.1,16.4,2311,-1077,2550,238,254.8,-58.7,36.6,42.4,93.80645161,91.93032258,,4.4,-2.52,-2.1,10.5,8.4869326
51,Dr,Driver,5/31/2024 0:16,138.7,-1.5,8.7,4398,1793,4749,193.2,208.9,39.6,21,35.7,89.48387097,87.69419355,,-3.3,-1.8,-1.5,10.5,44.63590483
52,Dr,Driver,5/31/2024 0:17,136.5,0.1,20.4,4773,1649,5050,196.4,210,44.4,46.5,52.3,88.06451613,86.30322581,,8.4,0.12,0.1,10.5,47.04761905
53,5h,Hybrid,5/31/2024 0:18,118.6,10.1,27.7,1580,252,1600,201.5,219.3,54.7,43.8,46.9,94.88,92.9824,,22.7,12.12,10.1,27,15.44688027
54,5h,Hybrid,5/31/2024 0:18,116.3,2.1,18,2968,-2490,3874,160.9,177.6,-43.4,23.6,39.3,93.04,91.1792,,13,2.52,2.1,27,4.110060189
55,5w,FW,5/31/2024 0:21,136.5,-3,15.4,5073,-110,5074,200.9,214.8,-11.5,38.5,48.2,94.13793103,92.25517241,,8.4,-3.6,-3,19,36.35897436
56,5w,FW,5/31/2024 0:22,134.2,1,20,5551,516,5575,190.6,203.1,18,46.2,52.2,92.55172414,90.70068966,,13,1.2,1,19,45.20864382
57,Dr,Driver,5/31/2024 0:23,127.5,-6.2,14.2,1891,-1074,2175,193.3,202.1,-55.8,20.9,31.4,82.25806452,80.61290323,,2.2,-7.44,-6.2,10.5,6.407843137
58,Dr,Driver,5/31/2024 0:23,134.2,-1,17.6,4916,1259,5075,195.4,209.1,29.8,40.3,49.6,86.58064516,84.84903226,,5.6,-1.2,-1,10.5,46.01341282
59,Dr,Driver,5/31/2024 0:24,143.2,0.3,17.7,3548,-97,3549,225,242.2,0.6,45.2,48.7,92.38709677,90.53935484,,5.7,0.36,0.3,10.5,24.09916201
60,Dr,Driver,5/31/2024 0:26,140.9,-0.1,16.2,2214,-988,2424,231.8,253.8,-46.9,33.9,40.7,90.90322581,89.08516129,,4.2,-0.12,-0.1,10.5,8.701206529
61,Dr,Driver,5/31/2024 0:27,143.2,0.4,17.4,3671,-160,3674,223.6,240.7,-1.3,44.6,48.7,92.38709677,90.53935484,,5.4,0.48,0.4,10.5,24.51815642
62,Dr,Driver,5/31/2024 0:28,140.9,3.8,11.4,6018,2454,6499,193,197.4,58.7,30.2,45.1,90.90322581,89.08516129,,-0.6,4.56,3.8,10.5,60.12775018
63,Dr,Driver,5/31/2024 0:28,138.7,-10,7,2865,586,2924,204.5,226.6,-16.2,15.4,26.6,89.48387097,87.69419355,,-5,-12,-10,10.5,24.88103821
64,Dr,Driver,5/31/2024 0:29,143.2,1.4,17.8,5091,585,5125,207.4,221.1,24,46.7,51.4,92.38709677,90.53935484,,5.8,1.68,1.4,10.5,39.63687151
65,Dr,Driver,5/31/2024 0:30,134.2,-2.2,5.2,2805,735,2900,184.6,208.4,16.4,10.2,20.2,86.58064516,84.84903226,,-6.8,-2.64,-2.2,10.5,26.37853949
66,Dr,Driver,5/31/2024 0:31,140.9,-3,15.1,1594,-1759,2374,206,215.6,-70,23.1,32.8,90.90322581,89.08516129,,3.1,-3.6,-3,10.5,-1.171043293
67,Dr,Driver,5/31/2024 0:32,138.7,1,16.8,3874,-22,3874,216.2,229.6,6.2,41.8,48,89.48387097,87.69419355,,4.8,1.2,1,10.5,27.77217015
68,Dr,Driver,5/31/2024 0:33,136.5,2.4,17.6,3110,636,3174,218.5,236.1,38,39.8,46.2,88.06451613,86.30322581,,5.6,2.88,2.4,10.5,27.44322344
69,Dr,Driver,5/31/2024 0:34,143.2,-3.8,14.5,2679,-893,2824,229.8,250.3,-53.6,33.1,41.1,92.38709677,90.53935484,,2.5,-4.56,-3.8,10.5,12.47206704
70,Dr,Driver,5/31/2024 0:34,136.5,-5.1,10.4,3173,-906,3300,208.6,227.9,-48.3,23.1,35.2,88.06451613,86.30322581,,-1.6,-6.12,-5.1,10.5,16.60805861
71,Dr,Driver,5/31/2024 0:35,138.7,4.2,17.7,5502,1834,5800,196,200.5,54.6,42.9,51.3,89.48387097,87.69419355,,5.7,5.04,4.2,10.5,52.89113194
72,Dr,Driver,5/31/2024 0:36,140.9,2.3,16.5,5238,806,5300,205.3,218.1,32.4,43.3,50.3,90.90322581,89.08516129,,4.5,2.76,2.3,10.5,42.89567069
73,Dr,Driver,5/31/2024 0:36,138.7,-2.5,15.6,3516,483,3549,215.9,233.1,10.2,36.9,45,89.48387097,87.69419355,,3.6,-3,-2.5,10.5,28.83201154
74,Dr,Driver,5/31/2024 0:36,140.9,3.8,19,5905,1968,6224,194,198.4,53.8,46.6,53,90.90322581,89.08516129,,7,4.56,3.8,10.5,55.87650816
75,Dr,Driver,5/31/2024 0:37,140.9,-2.9,17.8,3994,218,4000,216.6,232.7,1.3,45,49.5,90.90322581,89.08516129,,5.8,-3.48,-2.9,10.5,29.89354152
76,Dr,Driver,5/31/2024 0:38,138.7,-0.8,18.7,5303,1457,5500,196,209,33.8,44.6,51.7,89.48387097,87.69419355,,6.7,-0.96,-0.8,10.5,48.73828407
77,Dr,Driver,5/31/2024 0:38,143.2,3.9,20.2,4642,1002,4749,210.3,224.7,47.7,51.9,53,92.38709677,90.53935484,,8.2,4.68,3.9,10.5,39.41340782
78,3w,FW,5/31/2024 0:40,143.2,-0.4,12.4,3123,-1064,3299,222.5,241.6,-39.8,29.8,40.1,98.75862069,96.78344828,,5.4,-0.48,-0.4,15,14.37849162
79,3w,FW,5/31/2024 0:40,134.2,6.8,21,3611,680,3674,208.2,224.4,52.7,47,50.6,92.55172414,90.70068966,,14,8.16,6.8,15,31.97466468
80,3w,FW,5/31/2024 0:41,129.7,-0.2,17.7,1710,-1129,2049,208,232.2,-50.7,28.2,36.9,89.44827586,87.65931034,,10.7,-0.24,-0.2,15,4.479568234
81,5h,Hybrid,5/31/2024 0:42,118.6,1.1,22.5,5865,837,5924,163.1,174.8,19.6,39.4,51.3,94.88,92.9824,,17.5,1.32,1.1,27,56.50927487
82,5h,Hybrid,5/31/2024 0:42,114.1,6.5,21.5,4204,414,4224,167.4,181.6,32.3,34.6,47.7,91.28,89.4544,,16.5,7.8,6.5,27,40.47326906
83,5h,Hybrid,5/31/2024 0:43,123,1.4,20.8,4392,978,4500,181,195.5,30.9,39.2,49.5,98.4,96.432,,15.8,1.68,1.4,27,43.65853659
84,4h,Hybrid,5/31/2024 0:46,118.6,5,20,3831,-377,3850,178.1,193.6,9.9,34.6,46.5,87.85185185,86.09481481,,15,6,5,22,29.12310287
85,4h,Hybrid,5/31/2024 0:46,123,-0.5,16.3,2160,-1741,2774,176.8,194.4,-49.8,22.2,35.2,91.11111111,89.28888889,,11.3,-0.6,-0.5,22,3.406504065
86,4h,Hybrid,5/31/2024 0:47,129.7,3.1,14.6,6092,-299,6099,181.6,194,7.4,32.6,46.6,96.07407407,94.15259259,,9.6,3.72,3.1,22,44.66461064
87,4h,Hybrid,5/31/2024 0:48,111.8,4.1,18.9,4129,-1106,4275,159.7,173.4,-6.8,27.6,43.5,82.81481481,81.15851852,,13.9,4.92,4.1,22,27.03935599
88,Dr,Driver,5/31/2024 0:49,143.2,2.9,18.6,4530,1428,4750,210.7,222.6,54.6,47.3,51.4,92.38709677,90.53935484,,6.6,3.48,2.9,10.5,41.60614525
89,Dr,Driver,5/31/2024 0:49,136.5,0.8,20.7,4522,148,4524,200.7,215.1,10.1,48.1,51.9,88.06451613,86.30322581,,8.7,0.96,0.8,10.5,34.21245421
90,Dr,Driver,5/31/2024 0:50,138.7,0.3,18.7,4198,930,4300,209.5,224.5,32.9,45.4,50.4,89.48387097,87.69419355,,6.7,0.36,0.3,10.5,36.97188176
91,Dr,Driver,5/31/2024 0:50,140.9,-4.2,15.4,1810,-849,1999,234,250.6,-59.4,29.3,36.1,90.90322581,89.08516129,,3.4,-5.04,-4.2,10.5,6.820440028
92,Dr,Driver,5/31/2024 0:50,140.9,2,20.4,6611,2654,7124,188.3,192.1,54.3,49.4,54.8,90.90322581,89.08516129,,8.4,2.4,2,10.5,65.75585522
93,Dr,Driver,5/31/2024 0:51,136.5,0.9,18.4,6176,2324,6599,186.6,198.2,49.5,42.5,52.1,88.06451613,86.30322581,,6.4,1.08,0.9,10.5,62.27106227
94,Dr,Driver,5/31/2024 0:51,132,-2.1,16.5,5652,2486,6175,180,192.4,41,34.1,48.1,85.16129032,83.45806452,,4.5,-2.52,-2.1,10.5,61.65151515
95,Dr,Driver,5/31/2024 0:53,138.7,0.8,18.4,4182,1194,4349,206.3,221.3,41.6,43.3,49.6,89.48387097,87.69419355,,6.4,0.96,0.8,10.5,38.75991348
96,3w,FW,5/31/2024 0:54,138.7,3.2,19.9,4213,1079,4349,207.6,222.5,47.8,47.5,51.2,95.65517241,93.74206897,,12.9,3.84,3.2,15,38.15428983
97,3w,FW,5/31/2024 0:55,136.5,-0.6,16,4324,47,4324,205.3,220.8,1.7,38.3,47.2,94.13793103,92.25517241,,9,-0.72,-0.6,15,32.02197802
98,3w,FW,5/31/2024 0:56,132,-3.9,14.5,1285,-1498,1974,186.3,196.8,-59.2,17.9,27.5,91.03448276,89.2137931,,7.5,-4.68,-3.9,15,-1.613636364
99,4h,Hybrid,5/31/2024 0:57,125.3,-1.5,6.9,3904,-600,3950,172.5,190.7,-15.9,13.5,26.9,92.81481481,90.95851852,,1.9,-1.8,-1.5,22,26.36871508
100,4h,Hybrid,5/31/2024 0:58,118.6,6.1,24,5045,-220,5050,168,180.7,17.3,42.3,51.9,87.85185185,86.09481481,,19,7.32,6.1,22,40.68296796
101,5h,Hybrid,5/31/2024 0:59,111.8,-2.3,18.7,2236,-721,2349,173.5,193.7,-29.4,25,37.7,82.81481481,81.15851852,,13.7,-2.76,-2.3,25,13.5509839
102,5h,Hybrid,5/31/2024 0:59,111.8,1.1,19.2,2789,-444,2824,170.7,189.3,-6.9,27.2,40.6,82.81481481,81.15851852,,14.2,1.32,1.1,25,20.97495528
103,5h,Hybrid,5/31/2024 0:59,107.4,3,20.3,2836,468,2874,163.1,180.4,24.3,26.9,41.2,79.55555556,77.96444444,,15.3,3.6,3,25,30.76350093
104,5h,Hybrid,5/31/2024 1:00,116.3,-7.2,11,4111,727,4175,163.5,179.6,-6,17.5,33.1,86.14814815,84.42518519,,6,-8.64,-7.2,25,41.59931212
105,5h,Hybrid,5/31/2024 1:00,111.8,-1.8,30.2,5112,-1078,5224,150,161.5,-21.1,46.3,55.3,82.81481481,81.15851852,,25.2,-2.16,-1.8,25,36.0822898
106,Dr,Driver,5/31/2024 1:01,143.2,3,18.2,3984,348,3999,220.6,236.1,27.8,47.4,50,92.38709677,90.53935484,,6.2,3.6,3,10.5,30.25139665
107,Dr,Driver,5/31/2024 1:01,138.7,-1.6,19.4,4170,1146,4325,205.9,220.7,31.1,45.5,50.5,89.48387097,87.69419355,,7.4,-1.92,-1.6,10.5,38.32732516
108,Dr,Driver,5/31/2024 1:02,143.2,3.4,19.1,6180,1662,6400,196.3,208,50.2,49,53.6,92.38709677,90.53935484,,7.1,4.08,3.4,10.5,54.76256983
109,Dr,Driver,5/31/2024 1:02,138.7,3.9,20.5,5797,1897,6099,192.1,196.3,53,48.7,53.8,89.48387097,87.69419355,,8.5,4.68,3.9,10.5,55.47224225
110,Dr,Driver,5/31/2024 1:03,132,1,13.6,5978,2065,6325,180.4,193.4,43.1,29.9,45.3,85.16129032,83.45806452,,1.6,1.2,1,10.5,60.93181818
111,Dr,Driver,5/31/2024 1:04,143.2,1.7,18.7,5417,593,5449,204.5,217.4,24.5,49.2,52.6,92.38709677,90.53935484,,6.7,2.04,1.7,10.5,41.96927374
112,Dr,Driver,5/31/2024 1:05,127.5,-2.3,15.4,6059,2280,6474,175.5,187.6,33.8,31.6,46.8,82.25806452,80.61290323,,3.4,-2.76,-2.3,10.5,65.40392157
113,Dr,Driver,5/31/2024 1:05,127.5,1.9,21.4,4831,1552,5074,181.9,195.1,43.2,42.5,51.5,82.25806452,80.61290323,,9.4,2.28,1.9,10.5,50.0627451
114,Dr,Driver,5/31/2024 1:05,120.8,-8.4,16.2,1895,-713,2025,193,201.7,-52.8,23.8,34.1,77.93548387,76.37677419,,4.2,-10.08,-8.4,10.5,9.784768212
115,Dr,Driver,5/31/2024 1:06,136.5,1.5,20.5,5093,1045,5199,193.9,207,33.4,46.9,52.4,88.06451613,86.30322581,,8.5,1.8,1.5,10.5,44.96703297
116,Dr,Driver,5/31/2024 1:06,127.5,3,16.3,4716,1658,4999,182.4,196.7,48.9,32.2,45.8,82.25806452,80.61290323,,4.3,3.6,3,10.5,49.99215686
117,Dr,Driver,5/31/2024 1:07,118.6,-5.9,14.8,4298,1051,4425,172.4,187.2,5.3,25.4,40.8,76.51612903,74.98580645,,2.8,-7.08,-5.9,10.5,45.10118044
118,3w,FW,5/31/2024 1:08,129.7,-10,5.8,1533,608,1649,150.4,186.9,-12.9,5.4,10.9,89.44827586,87.65931034,,-1.2,-12,-10,15,16.5073246
119,3w,FW,5/31/2024 1:09,138.7,-2.1,14,2890,-444,2924,223,242.7,-24.7,31.8,40.7,95.65517241,93.74206897,,7,-2.52,-2.1,15,17.63518385
120,3w,FW,5/31/2024 1:10,136.5,3.4,20.6,3385,-1295,3624,208.5,225.1,-28.4,44.9,50,94.13793103,92.25517241,,13.6,4.08,3.4,15,15.31135531
121,3w,FW,5/31/2024 1:10,136.5,3.4,21.5,3715,509,3750,209.7,225.7,33.8,49.5,51.5,94.13793103,92.25517241,,14.5,4.08,3.4,15,30.94505495
1,Dr,Driver,6/2/2024 6:36,118.6,8.7,29.2,2831,828,2950,180.2,186,52,48.6,52.8,76.51612903,74.98580645,,17.2,10.44,8.7,10.5,30.85160202
2,Dr,Driver,6/2/2024 6:38,136.5,-1.7,23.2,2803,510,2849,221.7,240.3,15.8,51.2,50.5,88.06451613,86.30322581,,11.2,-2.04,-1.7,10.5,24.27106227
3,Dr,Driver,6/2/2024 6:38,136.5,0.4,24.3,2964,988,3124,213.7,231,40.8,52.1,51.9,88.06451613,86.30322581,,12.3,0.48,0.4,10.5,28.95238095
4,Dr,Driver,6/2/2024 6:39,129.7,-7.9,18.9,3290,-251,3300,206.8,224.5,-40.1,39,46.4,83.67741935,82.00387097,,6.9,-9.48,-7.9,10.5,23.4309946
5,Dr,Driver,6/2/2024 6:39,129.7,1.7,26.8,2442,1027,2649,206.1,224.5,50,51,51.7,83.67741935,82.00387097,,14.8,2.04,1.7,10.5,26.7463377
6,Dr,Driver,6/2/2024 6:40,140.9,-4.7,18.4,4530,798,4600,211.6,226.3,5,46.2,50.7,90.90322581,89.08516129,,6.4,-5.64,-4.7,10.5,37.81405252
7,Dr,Driver,6/2/2024 6:41,134.2,-4.3,22,3731,574,3775,206.9,222.7,2.2,48.7,51.2,86.58064516,84.84903226,,10,-5.16,-4.3,10.5,32.07898659
8,Dr,Driver,6/2/2024 6:41,138.7,-0.7,21.5,3871,-170,3875,213.8,229.9,-8.7,51.3,51.5,89.48387097,87.69419355,,9.5,-0.84,-0.7,10.5,26.68348955
9,Dr,Driver,6/2/2024 6:42,138.7,1.7,20.6,3990,1139,4149,208.6,224.3,42.3,47.5,51.2,89.48387097,87.69419355,,8.6,2.04,1.7,10.5,36.97909156
10,Dr,Driver,6/2/2024 6:44,127.5,1.5,21.7,3433,1378,3699,192,208.2,46.3,40.5,48.9,82.25806452,80.61290323,,9.7,1.8,1.5,10.5,37.73333333
11,3w,FW,6/2/2024 6:45,134.2,1.9,20.3,2535,447,2574,222.4,242.1,28.8,42.1,46.1,92.55172414,90.70068966,,13.3,2.28,1.9,15,22.22056632
12,3w,FW,6/2/2024 6:46,138.7,0.1,16.7,4415,728,4475,208.4,223.3,21.6,40.6,48.2,95.65517241,93.74206897,,9.7,0.12,0.1,15,37.08002884
13,3w,FW,6/2/2024 6:47,123,-6.6,16.9,3048,99,3050,196.6,215.1,-23.1,30.8,41.6,84.82758621,83.13103448,,9.9,-7.92,-6.6,15,25.58536585
14,3w,FW,6/2/2024 6:48,127.5,6.7,20.8,2816,787,2924,205.8,222.7,54,40,46.6,87.93103448,86.17241379,,13.8,8.04,6.7,15,28.25882353
15,3w,FW,6/2/2024 6:48,120.8,2.3,29,5323,-145,5325,163.8,175.6,3.3,51.7,55.6,83.31034483,81.64413793,,22,2.76,2.3,15,42.86423841
16,3h,Hybrid,6/2/2024 6:51,114.1,2.5,17.4,3098,1205,3324,170.4,187.9,37.5,25,39.3,84.51851852,82.82814815,,12.4,3,2.5,19,37.71253287
17,3h,Hybrid,6/2/2024 6:52,123,-0.7,14.1,5003,-465,5025,179.6,194.1,-13.4,27.7,42.5,91.11111111,89.28888889,,9.1,-0.84,-0.7,19,36.89430894
18,3h,Hybrid,6/2/2024 6:52,109.6,-1.7,15.9,2873,-769,2974,163.2,182,-26,20.7,35.1,81.18518519,79.56148148,,10.9,-2.04,-1.7,19,19.19708029
19,3h,Hybrid,6/2/2024 6:53,114.1,3.1,21.3,3067,594,3124,174.7,192.1,26.1,32.2,44.4,84.51851852,82.82814815,,16.3,3.72,3.1,19,32.08588957
20,3h,Hybrid,6/2/2024 6:53,105.1,2,17.4,2915,448,2949,152.1,167.4,14.7,20.4,35.8,77.85185185,76.29481481,,12.4,2.4,2,19,31.99809705
21,3h,Hybrid,6/2/2024 6:53,123,-3.4,15.1,914,140,925,186.7,221.3,-7.5,16.1,23,91.11111111,89.28888889,,10.1,-4.08,-3.4,19,8.569105691
22,3h,Hybrid,6/2/2024 6:55,116.3,3.9,19.6,4638,584,4675,168.2,176.8,22.2,32.3,46.3,86.14814815,84.42518519,,14.6,4.68,3.9,19,44.9011178
23,3h,Hybrid,6/2/2024 6:55,123,3.9,18.3,174,97,199,138.7,189.6,3.4,11.9,19.9,91.11111111,89.28888889,,13.3,4.68,3.9,19,2.203252033
24,3h,Hybrid,6/2/2024 6:56,116.3,-0.3,19.9,2618,657,2699,182.3,201.7,19.4,30.3,41.8,86.14814815,84.42518519,,14.9,-0.36,-0.3,19,28.15993121
25,4h,Hybrid,6/2/2024 6:57,111.8,4,17,2499,-879,2649,169.1,188.3,-13.6,22.4,35.9,82.81481481,81.15851852,,12,4.8,4,22,14.490161
26,4h,Hybrid,6/2/2024 6:58,111.8,4.9,18,2649,28,2649,172.2,191,15.9,24.9,38.1,82.81481481,81.15851852,,13,5.88,4.9,22,23.94454383
27,4h,Hybrid,6/2/2024 6:58,129.7,0.7,17.7,5218,256,5224,188,201.2,7,37.9,48.5,96.07407407,94.15259259,,12.7,0.84,0.7,22,42.20508867
28,4h,Hybrid,6/2/2024 7:00,116.3,4.1,14.3,3942,-1125,4099,169.2,184.9,-12.1,22.6,37.9,86.14814815,84.42518519,,9.3,4.92,4.1,22,24.22184007
29,4h,Hybrid,6/2/2024 7:01,123,-4.4,5.5,2929,-1464,3274,143.7,169.2,-41.2,6.7,15.9,91.11111111,89.28888889,,0.5,-5.28,-4.4,22,11.91056911
30,4h,Hybrid,6/2/2024 7:01,127.5,-0.9,14.9,3211,-860,3324,199.2,217,-32.8,28.6,40.2,94.44444444,92.55555556,,9.9,-1.08,-0.9,22,18.43921569
31,4h,Hybrid,6/2/2024 7:02,105.1,3,18.7,3083,1103,3274,153.4,170.4,31.7,22.8,38.5,77.85185185,76.29481481,,13.7,3.6,3,22,39.82873454
32,4h,Hybrid,6/2/2024 7:02,116.3,-0.7,15.1,1993,-2105,2899,151.8,168.5,-47.5,15.8,29.3,86.14814815,84.42518519,,10.1,-0.84,-0.7,22,-0.963026655
33,5h,Hybrid,6/2/2024 7:03,120.8,3.8,21.4,3157,957,3299,187,204.2,41.4,36.7,46.6,89.48148148,87.69185185,,16.4,4.56,3.8,25,34.05629139
34,5h,Hybrid,6/2/2024 7:04,114.1,5.5,24.6,3461,787,3549,169.5,185.4,36.6,37.8,48.8,84.51851852,82.82814815,,19.6,6.6,5.5,25,37.23049956
35,5h,Hybrid,6/2/2024 7:04,127.5,-1.2,17,3447,-434,3474,197.8,215.3,-19.7,33.2,43.7,94.44444444,92.55555556,,12,-1.44,-1.2,25,23.63137255
36,5h,Hybrid,6/2/2024 7:05,105.1,1.1,16.5,2520,-1847,3124,142.2,161.7,-34.1,16.7,32.2,77.85185185,76.29481481,,11.5,1.32,1.1,25,6.403425309
37,5h,Hybrid,6/2/2024 7:05,127.5,-1.4,17.7,3471,-152,3474,197.7,214.9,-11.6,34.6,44.5,94.44444444,92.55555556,,12.7,-1.68,-1.4,25,26.03137255
38,5h,Hybrid,6/2/2024 7:06,111.8,-1.1,19.7,4280,903,4374,160.8,175.8,13.1,29.1,44.5,82.81481481,81.15851852,,14.7,-1.32,-1.1,25,46.35957066
39,5h,Hybrid,6/2/2024 7:07,125.3,-5.3,14.1,3612,-1596,3949,184.8,191,-54.6,25,39,92.81481481,90.95851852,,9.1,-6.36,-5.3,25,16.08938547
40,5h,Hybrid,6/2/2024 7:07,105.1,5.9,20.2,4141,271,4150,148.7,162.6,20.5,25.7,42.7,77.85185185,76.29481481,,15.2,7.08,5.9,25,41.97906755
41,5h,Hybrid,6/2/2024 7:08,114.1,3.8,10.2,1863,-727,2000,149,176.4,-9.3,10.1,20,84.51851852,82.82814815,,5.2,4.56,3.8,25,9.956178791
42,5h,Hybrid,6/2/2024 7:08,109.6,1.4,20.3,4399,-23,4399,159.4,173.7,2.5,29.9,45.1,81.18518519,79.56148148,,15.3,1.68,1.4,25,39.9270073
43,5h,Hybrid,6/2/2024 7:09,116.3,3.1,20.1,3770,-186,3775,174,189.7,4.4,32.5,45.3,86.14814815,84.42518519,,15.1,3.72,3.1,25,30.81685297
44,5h,Hybrid,6/2/2024 7:09,100.7,6.6,20.7,2982,-326,3000,149.4,166,10.9,24,39.9,74.59259259,73.10074074,,15.7,7.92,6.6,25,26.37537239
45,5h,Hybrid,6/2/2024 7:10,118.6,4,22.3,2747,392,2775,187.9,206.4,26.9,36.8,45.9,87.85185185,86.09481481,,17.3,4.8,4,25,26.46711636
46,5w,FW,6/2/2024 7:12,120.8,6.5,22.6,3144,717,3225,185.7,203.6,43.9,38.5,47.6,83.31034483,81.64413793,,15.6,7.8,6.5,19,31.96192053
47,5w,FW,6/2/2024 7:12,134.2,5.2,15.4,4940,2053,5350,191.4,196.5,57.3,33.5,46.3,92.55172414,90.70068966,,8.4,6.24,5.2,19,52.10879285
48,5w,FW,6/2/2024 7:13,138.7,-0.4,17.3,4224,46,4224,210.7,226.2,-1.7,41.9,48.4,95.65517241,93.74206897,,10.3,-0.48,-0.4,19,30.78586878
49,5w,FW,6/2/2024 7:14,136.5,-1.9,20.5,3149,51,3149,220.3,238.1,-7.3,46.5,48.9,94.13793103,92.25517241,,13.5,-2.28,-1.9,19,23.44322344
50,5w,FW,6/2/2024 7:14,136.5,-1.1,21.8,2869,685,2950,220.9,239.3,23.4,47.8,49.4,94.13793103,92.25517241,,14.8,-1.32,-1.1,19,26.03663004
51,5w,FW,6/2/2024 7:15,132,0.3,18.6,3951,1269,4150,196.9,212.8,35.5,38.4,47.7,91.03448276,89.2137931,,11.6,0.36,0.3,19,39.54545455
52,5w,FW,6/2/2024 7:17,138.7,-3.8,17.7,3215,621,3274,220.7,238.8,6.9,40.6,46.4,95.65517241,93.74206897,,10.7,-4.56,-3.8,19,27.65681327
53,5w,FW,6/2/2024 7:18,132,2.2,19.9,4099,44,4099,201.8,217.1,8.2,43.7,49.6,91.03448276,89.2137931,,12.9,2.64,2.2,19,31.38636364
54,5w,FW,6/2/2024 7:18,129.7,-0.2,25.1,2519,529,2574,214.1,232.8,21.5,50.6,50.5,89.44827586,87.65931034,,18.1,-0.24,-0.2,19,23.50038551
55,5w,FW,6/2/2024 7:19,132,2,20.2,3747,143,3750,203.6,219.5,11,43.3,49.1,91.03448276,89.2137931,,13.2,2.4,2,19,29.46969697
56,5w,FW,6/2/2024 7:20,125.3,-12.2,12.8,3923,-1005,4050,186.2,192.3,-64.2,24.3,38.5,86.4137931,84.68551724,,5.8,-14.64,-12.2,19,23.28810854
57,Dr,Driver,6/2/2024 7:22,132,-6.6,12.6,4090,698,4149,199.3,215.3,-7.1,27.9,40.8,85.16129032,83.45806452,,0.6,-7.92,-6.6,10.5,36.27272727
58,Dr,Driver,6/2/2024 7:23,127.5,6.7,24.9,2627,1038,2825,203.6,210.4,60,46.9,50.3,82.25806452,80.61290323,,12.9,8.04,6.7,10.5,28.74509804
59,Dr,Driver,6/2/2024 7:23,129.7,-0.5,18.6,3105,1770,3574,195.7,213.1,50.6,33.9,44.8,83.67741935,82.00387097,,6.6,-0.6,-0.5,10.5,37.58673863
60,Dr,Driver,6/2/2024 7:25,140.9,1,20.1,2433,280,2449,242,262.6,17.9,46.9,47,90.90322581,89.08516129,,8.1,1.2,1,10.5,19.25479063
61,Dr,Driver,6/2/2024 7:26,129.7,2.9,20.5,3294,1023,3449,201.1,218.3,43.4,40.4,47.9,83.67741935,82.00387097,,8.5,3.48,2.9,10.5,33.2845027
62,Dr,Driver,6/2/2024 7:26,138.7,1.9,22,1747,430,1799,248.5,272.1,36.2,45.8,44.9,89.48387097,87.69419355,,10,2.28,1.9,10.5,15.69574621
63,Dr,Driver,6/2/2024 7:27,138.7,-3.2,7.1,3119,2035,3724,185.7,207.5,38.1,13.3,25.2,89.48387097,87.69419355,,-4.9,-3.84,-3.2,10.5,37.1593367
64,Dr,Driver,6/2/2024 7:28,132,-2.4,18.5,3195,438,3225,212.2,231.2,5.2,39.5,46.2,85.16129032,83.45806452,,6.5,-2.88,-2.4,10.5,27.52272727
65,Dr,Driver,6/2/2024 7:29,125.3,1.7,24.5,1886,663,1999,210.4,231.7,39,42.3,46.2,80.83870968,79.22193548,,12.5,2.04,1.7,10.5,20.34317638
66,Dr,Driver,6/2/2024 7:29,127.5,-0.2,22.9,2946,964,3100,202.3,219.8,33.1,44.2,49.3,82.25806452,80.61290323,,10.9,-0.24,-0.2,10.5,30.66666667
67,Dr,Driver,6/2/2024 7:30,136.5,-5.5,10.1,4095,1465,4349,198.3,212.1,15.3,23.2,36.9,88.06451613,86.30322581,,-1.9,-6.6,-5.5,10.5,40.73260073
68,Dr,Driver,6/2/2024 7:30,132,-9.4,6.5,2364,731,2474,183,209.6,-12.7,10.2,19.2,85.16129032,83.45806452,,-5.5,-11.28,-9.4,10.5,23.4469697
69,3w,FW,6/2/2024 7:32,134.2,4,18.7,3415,1547,3749,206.2,212.4,58.4,39,47.4,92.55172414,90.70068966,,11.7,4.8,4,15,36.97466468
70,3w,FW,6/2/2024 7:33,134.2,5.5,23.3,2614,1133,2849,217.5,225.1,65.5,48.3,50.1,92.55172414,90.70068966,,16.3,6.6,5.5,15,27.92101341
71,3w,FW,6/2/2024 7:33,132,1.5,25.4,1856,510,1925,227.5,248.8,34.8,49.5,48.2,91.03448276,89.2137931,,18.4,1.8,1.5,15,17.92424242
72,3w,FW,6/2/2024 7:35,132,-2.8,13.1,2811,279,2825,211.2,231.1,-2.2,26.4,36.9,91.03448276,89.2137931,,6.1,-3.36,-2.8,15,23.40909091
73,3w,FW,6/2/2024 7:36,138.7,-2.9,9.5,2147,-342,2174,217.6,243.1,-29.7,17.8,26.8,95.65517241,93.74206897,,2.5,-3.48,-2.9,15,13.01369863
74,3w,FW,6/2/2024 7:37,140.9,-1.9,18,3781,-372,3799,220.8,237.4,-22.9,45,48.9,97.17241379,95.22896552,,11,-2.28,-1.9,15,24.19446416
75,3w,FW,6/2/2024 7:37,143.2,-0.7,16.8,4632,-405,4650,213.8,228.9,-16.6,43.9,49.5,98.75862069,96.78344828,,9.8,-0.84,-0.7,15,29.51815642
76,3w,FW,6/2/2024 7:38,136.5,5.2,19.3,3796,995,3924,210.7,227,51.7,44.2,49.5,94.13793103,92.25517241,,12.3,6.24,5.2,15,35.0989011
77,3w,FW,6/2/2024 7:39,123,8.3,17.3,3940,1037,4074,183.9,196.9,52.4,31.4,44.2,84.82758621,83.13103448,,10.3,9.96,8.3,15,40.46341463
78,3w,FW,6/2/2024 7:39,129.7,4.5,26.5,3051,782,3150,200.2,217.2,43.9,52.5,52.8,89.44827586,87.65931034,,19.5,5.4,4.5,15,29.55281419
79,3w,FW,6/2/2024 7:40,138.7,-1.4,15.1,3413,-1143,3599,214.1,232,-46.7,34,43.6,95.65517241,93.74206897,,8.1,-1.68,-1.4,15,16.36625811
80,3w,FW,6/2/2024 7:41,138.7,0.9,16.3,3085,-303,3100,227.5,246.2,-10.6,38.7,44.8,95.65517241,93.74206897,,9.3,1.08,0.9,15,20.05767844
81,3h,Hybrid,6/2/2024 7:42,120.8,-4.2,15.2,2779,-632,2850,186.6,205.6,-36.8,24.4,36.5,89.48148148,87.69185185,,10.2,-5.04,-4.2,19,17.77317881
82,3h,Hybrid,6/2/2024 7:42,109.6,0,17.1,3642,-238,3650,160.3,176.1,-6.3,23.6,39.1,81.18518519,79.56148148,,12.1,0,0,19,31.05839416
83,3h,Hybrid,6/2/2024 7:43,127.5,7,9.7,3807,1650,4149,178.1,184.4,53.7,17.6,32,94.44444444,92.55555556,,4.7,8.4,7,19,42.8
84,3h,Hybrid,6/2/2024 7:43,123,10,10.1,2424,26,2424,182.5,206.1,35.5,15.1,26.1,91.11111111,89.28888889,,5.1,12,10,19,19.91869919
85,3h,Hybrid,6/2/2024 7:44,120.8,-6.2,17.4,3588,-1088,3749,181.8,195.1,-49.8,29.7,42.8,89.48148148,87.69185185,,12.4,-7.44,-6.2,19,20.69536424
86,3h,Hybrid,6/2/2024 7:44,116.3,-3.5,15.8,2942,-1125,3150,171.4,189.9,-42.5,22.5,36.6,86.14814815,84.42518519,,10.8,-4.2,-3.5,19,15.62338779
87,3h,Hybrid,6/2/2024 7:44,107.4,5,15.3,2901,-530,2949,154.9,173.9,1.7,18.4,32.9,79.55555556,77.96444444,,10.3,6,5,19,22.07635009
88,3h,Hybrid,6/2/2024 7:45,120.8,5.3,19.2,89,-178,199,150.7,198.3,31.8,14.1,21.8,89.48148148,87.69185185,,14.2,6.36,5.3,19,-0.736754967
89,3h,Hybrid,6/2/2024 7:45,120.8,4.5,20.2,4306,400,4325,179.6,194.1,23.7,36.5,47.7,89.48148148,87.69185185,,15.2,5.4,4.5,19,38.95695364
90,4h,Hybrid,6/2/2024 7:46,118.6,6,10.5,2465,-2412,3449,144.8,168.1,-27.8,10.9,23.1,87.85185185,86.09481481,,5.5,7.2,6,22,0.44688027
91,4h,Hybrid,6/2/2024 7:46,123,6.2,22.4,2752,349,2774,198.5,217.1,35.4,40.4,47.1,91.11111111,89.28888889,,17.4,7.44,6.2,22,25.21138211
92,4h,Hybrid,6/2/2024 7:47,127.5,-3.5,20.7,2573,-98,2575,211.7,231.4,-19.9,40,45.6,94.44444444,92.55555556,,15.7,-4.2,-3.5,22,19.41176471
93,4h,Hybrid,6/2/2024 7:47,107.4,11.8,14.3,2845,159,2849,156,175.5,38.9,17.4,31.6,79.55555556,77.96444444,,9.3,14.16,11.8,22,27.97020484
94,4h,Hybrid,6/2/2024 7:47,120.8,-0.4,20.4,239,320,399,173.6,215.2,4.6,18,24.9,89.48148148,87.69185185,,15.4,-0.48,-0.4,22,4.627483444
95,4h,Hybrid,6/2/2024 7:49,118.6,-2,22.3,2534,-279,2549,190.2,209.2,-17.5,36.4,45.1,87.85185185,86.09481481,,17.3,-2.4,-2,22,19.01349073
96,4h,Hybrid,6/2/2024 7:49,118.6,-0.2,23.1,2298,-87,2300,196.2,216.4,-4.3,38.2,45.3,87.85185185,86.09481481,,18.1,-0.24,-0.2,22,18.64249578
97,4h,Hybrid,6/2/2024 7:50,125.3,1.3,22.7,3408,-335,3424,196.3,212.7,-5.9,44.2,49.7,92.81481481,90.95851852,,17.7,1.56,1.3,22,24.52513966
98,4h,Hybrid,6/2/2024 7:50,132,-3.7,19.2,4265,-1268,4449,196.6,211.8,-47.8,40.7,49.2,97.77777778,95.82222222,,14.2,-4.44,-3.7,22,22.70454545
99,4h,Hybrid,6/2/2024 7:50,127.5,1.7,24.2,5016,-578,5049,182.7,195.8,-7.3,49,53.4,94.44444444,92.55555556,,19.2,2.04,1.7,22,34.80784314
100,4h,Hybrid,6/2/2024 7:51,127.5,3.9,22,4911,-619,4950,186.2,199.6,-0.5,45.2,51.8,94.44444444,92.55555556,,17,4.68,3.9,22,33.6627451
101,4h,Hybrid,6/2/2024 7:52,125.3,0.8,16.2,5205,685,5250,180.2,193.7,17,32,45.6,92.81481481,90.95851852,,11.2,0.96,0.8,22,47.00718276
102,4h,Hybrid,6/2/2024 7:52,125.3,3.2,25.7,4755,652,4799,178.8,192.2,25.7,49.7,53.9,92.81481481,90.95851852,,20.7,3.84,3.2,22,43.15243416
103,4h,Hybrid,6/2/2024 7:52,118.6,0.2,20.7,3528,-2413,4274,169.6,180.6,-48.7,31.2,45.6,87.85185185,86.09481481,,15.7,0.24,0.2,22,9.401349073
104,5h,Hybrid,6/2/2024 7:54,114.1,-0.7,23.1,2705,-615,2774,178.2,196.1,-21.8,34.9,45.6,84.51851852,82.82814815,,18.1,-0.84,-0.7,25,18.31726556
105,5h,Hybrid,6/2/2024 7:54,125.3,1.4,26.9,1673,-64,1674,220.3,242.6,2.1,48.6,47.8,92.81481481,90.95851852,,21.9,1.68,1.4,25,12.84118117
106,5h,Hybrid,6/2/2024 7:55,123,7.1,23.9,2172,960,2375,199.6,207.3,62,40.3,46.6,91.11111111,89.28888889,,18.9,8.52,7.1,25,25.46341463
107,5h,Hybrid,6/2/2024 7:56,129.7,-4.2,15.9,4770,-208,4775,191.5,206.4,-20.4,34.2,46,96.07407407,94.15259259,,10.9,-5.04,-4.2,25,35.17347726
108,5h,Hybrid,6/2/2024 7:56,120.8,-5.2,12.5,3536,-309,3549,181.8,199.6,-26.4,21.7,35.6,89.48148148,87.69185185,,7.5,-6.24,-5.2,25,26.71357616
109,5h,Hybrid,6/2/2024 7:56,127.5,4.3,12.2,5478,-481,5499,181.8,195.1,5.4,26.4,41.7,94.44444444,92.55555556,,7.2,5.16,4.3,25,39.19215686
110,5h,Hybrid,6/2/2024 7:57,114.1,4.6,25.3,5090,929,5174,158.9,171.4,30.3,40.1,51.7,84.51851852,82.82814815,,20.3,5.52,4.6,25,52.75197195
111,5h,Hybrid,6/2/2024 7:59,114.1,-0.8,24.8,5575,-518,5599,159.4,171.3,-11,40.5,51.9,84.51851852,82.82814815,,19.8,-0.96,-0.8,25,44.32077125
112,5h,Hybrid,6/2/2024 7:59,111.8,3.8,21.1,5700,750,5749,155.1,167.1,22.7,32.3,47.9,82.81481481,81.15851852,,16.1,4.56,3.8,25,57.69230769
113,5h,Hybrid,6/2/2024 7:59,123,0.1,19.6,6374,-34,6374,172.4,183.9,-0.3,38.3,50.1,91.11111111,89.28888889,,14.6,0.12,0.1,25,51.54471545
114,5h,Hybrid,6/2/2024 8:00,127.5,1.8,19.3,5063,-610,5100,185.2,198.6,-7.2,39.4,49.4,94.44444444,92.55555556,,14.3,2.16,1.8,25,34.9254902
115,5h,Hybrid,6/2/2024 8:00,114.1,3.2,20.6,3172,-121,3174,174,191.4,7.6,31.3,43.8,84.51851852,82.82814815,,15.6,3.84,3.2,25,26.73970202
116,5h,Hybrid,6/2/2024 8:00,127.5,-1.3,16.9,5141,-1287,5300,183.8,197.7,-31.7,34.4,47,94.44444444,92.55555556,,11.9,-1.56,-1.3,25,30.22745098
117,5h,Hybrid,6/2/2024 8:01,114.1,-1.5,20.4,3596,-453,3624,172.6,188.8,-16.5,32,44.9,84.51851852,82.82814815,,15.4,-1.8,-1.5,25,27.54601227
118,5w,FW,6/2/2024 8:02,118.6,-7.2,27.3,3594,-1755,4000,171.3,176.5,-59.5,44.5,52.8,81.79310345,80.15724138,,20.3,-8.64,-7.2,19,15.50590219
119,5w,FW,6/2/2024 8:02,125.3,2.4,24.8,3099,-1570,3474,187.1,204.4,-39.1,43.3,50.7,86.4137931,84.68551724,,17.8,2.88,2.4,19,12.20271349
120,5w,FW,6/2/2024 8:03,129.7,-6.1,20.8,2621,-1878,3224,196.4,203.5,-76.1,36.2,45.9,89.44827586,87.65931034,,13.8,-7.32,-6.1,19,5.728604472
121,5w,FW,6/2/2024 8:03,136.5,1.1,16.5,4668,254,4675,204.8,219.8,11.5,39.9,48.2,94.13793103,92.25517241,,9.5,1.32,1.1,19,36.05860806
122,5w,FW,6/2/2024 8:03,120.8,3.3,30.6,5671,-185,5674,159.2,170.5,6.8,54.2,56.7,83.31034483,81.64413793,,23.6,3.96,3.3,19,45.41390728
123,5w,FW,6/2/2024 8:04,125.3,-0.3,27.3,4286,-1802,4649,176,189.7,-41.8,49.8,54.8,86.4137931,84.68551724,,20.3,-0.36,-0.3,19,19.82442139
124,5w,FW,6/2/2024 8:04,129.7,-3.5,18.9,5506,694,5550,186.5,199.5,2.4,40.8,50.1,89.44827586,87.65931034,,11.9,-4.2,-3.5,19,47.80262143
125,5w,FW,6/2/2024 8:05,118.6,-4.8,27.9,4360,-1946,4775,164.7,169.5,-49.1,45.8,54.2,81.79310345,80.15724138,,20.9,-5.76,-4.8,19,20.35413153
126,5w,FW,6/2/2024 8:06,134.2,1.9,24.8,4790,577,4825,191.7,205.3,21.8,54.4,54.5,92.55172414,90.70068966,,17.8,2.28,1.9,19,39.99254844
127,5w,FW,6/2/2024 8:06,120.8,3.7,29.1,6363,-1198,6475,157,167.5,-7.1,51.1,56.3,83.31034483,81.64413793,,22.1,4.44,3.7,19,42.75662252
128,5w,FW,6/2/2024 8:08,138.7,-1.1,13.5,3747,-122,3749,218.5,235.8,-8.6,33.7,43.3,95.65517241,93.74206897,,6.5,-1.32,-1.1,19,26.13554434
129,5w,FW,6/2/2024 8:09,129.7,1.9,24.4,7149,3589,7999,167.8,171.3,52.5,48,56,89.44827586,87.65931034,,17.4,2.28,1.9,19,82.79105628
130,5w,FW,6/2/2024 8:09,134.2,-4.2,21.9,3070,-986,3224,213.8,230.5,-54.4,46.9,49.9,92.55172414,90.70068966,,14.9,-5.04,-4.2,19,15.5290611
131,5w,FW,6/2/2024 8:10,134.2,0,25.8,5650,0,5650,183.7,196.1,0,56.6,55.6,92.55172414,90.70068966,,18.8,0,0,19,42.10134128
1,4h,Hybrid,6/10/2024 1:42,94,5.2,23.8,3039,467,3075,134.1,149.4,22.4,24.1,41.8,69.62962963,68.23703704,,18.8,6.24,5.2,22,37.29787234
2,4h,Hybrid,6/10/2024 1:43,94,-3.8,20.5,2471,-134,2475,136.1,154.5,-13.3,19.8,36.3,69.62962963,68.23703704,,15.5,-4.56,-3.8,22,24.86170213
3,4h,Hybrid,6/10/2024 1:44,87.2,2.8,22.2,2321,-1113,2574,117.6,135.2,-11.9,17.3,35.8,64.59259259,63.30074074,,17.2,3.36,2.8,22,13.85321101
4,4h,Hybrid,6/10/2024 1:45,98.4,-1,20.7,3284,324,3300,138.3,154.1,3.1,22.1,39.6,72.88888889,71.43111111,,15.7,-1.2,-1,22,36.66666667
5,4h,Hybrid,6/10/2024 1:45,102.9,-3.7,19.3,3194,191,3200,151.6,168.1,-6.7,23.4,39.4,76.22222222,74.69777778,,14.3,-4.44,-3.7,22,32.89601555
6,4h,Hybrid,6/10/2024 1:46,100.7,-2.4,16.6,4363,992,4474,136.3,151,7.9,18.6,36.8,74.59259259,73.10074074,,11.6,-2.88,-2.4,22,53.17775571
7,4h,Hybrid,6/10/2024 1:46,102.9,-0.1,10.8,3404,-372,3424,131.2,150.6,-6.2,10.8,24.7,76.22222222,74.69777778,,5.8,-0.12,-0.1,22,29.46550049
8,8i,Iron,6/10/2024 1:48,85,-2.8,25.7,5015,-1054,5125,108.5,119.3,-15.4,21.3,44,68,66.64,,20.7,-3.36,-2.8,39,46.6
9,8i,Iron,6/10/2024 1:48,89.5,-1.4,25.2,5589,-1239,5725,113.9,124.3,-14.3,23,45.2,71.6,70.168,,20.2,-1.68,-1.4,39,48.60335196
10,8i,Iron,6/10/2024 1:49,80.5,3.7,27.9,5907,712,5950,98.8,108.3,12.1,21.1,45.7,64.4,63.112,,22.9,4.44,3.7,39,82.22360248
11,8i,Iron,6/10/2024 1:49,85,2.2,27.9,6044,263,6050,105.5,114.9,6.5,23.5,47,68,66.64,,22.9,2.64,2.2,39,74.2
12,8i,Iron,6/10/2024 1:49,78.3,2.8,28,5299,28,5299,97.2,107.2,5.6,20.3,44.9,62.64,61.3872,,23,3.36,2.8,39,68.03320562
13,8i,Iron,6/10/2024 1:50,82.8,1.3,29.2,6142,1156,6250,103.6,112.6,11.1,24.3,47.9,66.24,64.9152,,24.2,1.56,1.3,39,88.14009662
14,3w,FW,6/10/2024 1:52,114.1,2.2,26.3,4647,1843,4999,157.4,170.1,39.3,40.3,52.1,78.68965517,77.11586207,,19.3,2.64,2.2,15,56.87992989
15,3w,FW,6/10/2024 1:52,118.6,0.9,24.2,3949,1763,4325,171.3,185.5,42.6,40,50.9,81.79310345,80.15724138,,17.2,1.08,0.9,15,48.1618887
16,3w,FW,6/10/2024 1:53,123,-7.7,19.7,2782,490,2825,197.3,215.7,-11.3,35.2,44.3,84.82758621,83.13103448,,12.7,-9.24,-7.7,15,26.60162602
17,3w,FW,6/10/2024 1:55,125.3,7.1,25.2,4908,2798,5650,169,174.2,70.3,44,54.1,86.4137931,84.68551724,,18.2,8.52,7.1,15,61.50039904
18,3w,FW,6/10/2024 1:55,125.3,3.3,23.7,4494,2074,4949,175.8,180.6,52.9,42.9,52.3,86.4137931,84.68551724,,16.7,3.96,3.3,15,52.41819633
19,Dr,Driver,6/10/2024 1:57,123,-7.1,19.6,5027,2523,5625,169.6,182.5,22.7,33.9,48.4,79.35483871,77.76774194,,7.6,-8.52,-7.1,10.5,61.38211382
20,Dr,Driver,6/10/2024 1:57,118.6,-10.4,22.5,5218,2752,5899,161.5,173.3,12.8,36.4,50.7,76.51612903,74.98580645,,10.5,-12.48,-10.4,10.5,67.20067454
21,Dr,Driver,6/10/2024 1:58,118.6,-6.3,22.8,4440,2011,4874,168.6,182,20.2,37.7,50.2,76.51612903,74.98580645,,10.8,-7.56,-6.3,10.5,54.39291737
22,Dr,Driver,6/10/2024 1:58,123,7.3,24.8,5508,3901,6750,155.5,165.6,75,40.5,57.4,79.35483871,77.76774194,,12.8,8.76,7.3,10.5,76.49593496
23,Dr,Driver,6/10/2024 1:59,120.8,2.2,25.3,7843,4759,9174,149.9,152.9,52.2,41.4,55.5,77.93548387,76.37677419,,13.3,2.64,2.2,10.5,104.3211921
24,Dr,Driver,6/10/2024 1:59,116.3,-0.4,20.8,4995,2847,5749,159.2,172.1,44.3,32,48.1,75.03225806,73.5316129,,8.8,-0.48,-0.4,10.5,67.42906277
25,Dr,Driver,6/10/2024 2:00,120.8,-0.8,23.3,5572,2939,6300,161.5,173.4,43.5,38.6,51.8,77.93548387,76.37677419,,11.3,-0.96,-0.8,10.5,70.45529801
26,Dr,Driver,6/10/2024 2:00,123,-7.6,13.3,2233,-943,2424,186.4,194.9,-54.4,19.7,31.3,79.35483871,77.76774194,,1.3,-9.12,-7.6,10.5,10.48780488
27,Dr,Driver,6/10/2024 2:00,125.3,0.5,22.9,4832,2295,5349,175.7,188.5,47.8,42.2,52.3,80.83870968,79.22193548,,10.9,0.6,0.5,10.5,56.87948923
28,Dr,Driver,6/10/2024 2:01,125.3,0.9,19.9,6368,3359,7200,167.2,175.4,50.4,36.6,50.9,80.83870968,79.22193548,,7.9,1.08,0.9,10.5,77.62968875
29,Dr,Driver,6/10/2024 2:02,120.8,-3.9,19.9,1683,-235,1699,205.9,229.6,-28.1,30.9,38.5,77.93548387,76.37677419,,7.9,-4.68,-3.9,10.5,11.98675497
30,Dr,Driver,6/10/2024 2:02,114.1,3.1,25.4,7058,3922,8074,146.6,149.9,47.9,38.4,53.8,73.61290323,72.14064516,,13.4,3.72,3.1,10.5,96.23137599
31,Dr,Driver,6/10/2024 2:03,129.7,0.5,19.6,3543,974,3674,200.6,217.2,32.9,40.1,48,83.67741935,82.00387097,,7.6,0.6,0.5,10.5,34.82652274
32,Dr,Driver,6/10/2024 2:03,118.6,-2.1,22.4,3240,849,3349,180,196.6,17.1,37,47.4,76.51612903,74.98580645,,10.4,-2.52,-2.1,10.5,34.4772344
33,Dr,Driver,6/10/2024 2:04,123,-1.1,22.8,4599,2144,5074,173,186.4,40.1,40.1,51,79.35483871,77.76774194,,10.8,-1.32,-1.1,10.5,54.82113821
1,8i,Iron,6/12/2024 2:49,73.8,-3.2,30.1,3456,-359,3475,91.4,103.6,-9.1,18.9,43.5,59.04,57.8592,,25.1,-3.84,-3.2,39,41.96476965
2,8i,Iron,6/12/2024 2:49,78.3,-4.9,20.5,5824,31,5824,93.4,104.4,-8.9,13.4,35.8,62.64,61.3872,,15.5,-5.88,-4.9,39,74.77650064
3,5h,Hybrid,6/12/2024 2:52,98.4,-6.1,33.2,3338,-273,3349,137.6,151.5,-21.7,39.8,52.9,72.88888889,71.43111111,,28.2,-7.32,-6.1,25,31.14837398
4,5h,Hybrid,6/12/2024 2:52,100.7,-3.1,30,3643,-218,3650,143.3,157.1,-12.9,37.7,51.4,74.59259259,73.10074074,,25,-3.72,-3.1,25,34.01191658
5,5h,Hybrid,6/12/2024 2:53,105.1,-13,25.2,2764,-955,2924,155,161.3,-56.6,31.4,45.8,77.85185185,76.29481481,,20.2,-15.6,-13,25,17.21217888
6,5h,Hybrid,6/12/2024 2:53,109.6,-0.8,26.2,2822,-124,2825,169.1,186.3,-6.4,38.3,48.4,81.18518519,79.56148148,,21.2,-0.96,-0.8,25,24.61678832
7,5h,Hybrid,6/12/2024 2:54,107.4,-5.7,25.1,2926,-766,3025,162.3,180.2,-38.5,34.3,47,79.55555556,77.96444444,,20.1,-6.84,-5.7,25,20.11173184
8,5h,Hybrid,6/12/2024 2:55,118.6,-6.8,8.1,3481,-2165,4099,143.4,150.9,-46.9,9.9,22.6,87.85185185,86.09481481,,3.1,-8.16,-6.8,25,11.09612142
9,5h,Hybrid,6/12/2024 2:55,109.6,2.1,19,2825,371,2849,166.2,183.6,17,25.7,39.6,81.18518519,79.56148148,,14,2.52,2.1,25,29.16058394
10,5h,Hybrid,6/12/2024 2:56,118.6,2.5,27.4,2050,315,2074,197.9,217.5,24.2,46.3,49.2,87.85185185,86.09481481,,22.4,3,2.5,25,19.94097808
11,5h,Hybrid,6/12/2024 2:56,111.8,-2.8,29.1,3075,-387,3099,167.6,183.2,-19.8,44.6,52.1,82.81481481,81.15851852,,24.1,-3.36,-2.8,25,24.04293381
12,3w,FW,6/12/2024 2:57,125.3,-0.5,17.5,116,-94,149,128,182,13.8,10.4,18.8,86.4137931,84.68551724,,10.5,-0.6,-0.5,15,0.175578611
13,3w,FW,6/12/2024 2:58,100.7,-6.3,39.9,4887,-782,4949,119.5,129.8,-24.2,48.1,58.8,69.44827586,68.05931034,,32.9,-7.56,-6.3,15,40.76464747
14,3w,FW,6/12/2024 2:58,94,-9.6,47.1,4752,-1085,4874,98.8,107.9,-28.7,49.5,62.5,64.82758621,63.53103448,,40.1,-11.52,-9.6,15,39.0106383
15,3w,FW,6/12/2024 3:00,123,3.2,20.7,2368,718,2474,199.6,219.8,41.4,35.4,43.8,84.82758621,83.13103448,,13.7,3.84,3.2,15,25.08943089
16,3w,FW,6/12/2024 3:01,129.7,-5.8,10.9,2294,-1054,2525,194.5,202.9,-53.1,17.7,28.6,89.44827586,87.65931034,,3.9,-6.96,-5.8,15,9.560524287
17,3w,FW,6/12/2024 3:01,120.8,7.4,26.7,2834,1192,3074,184.6,190.8,59.1,45.2,51.4,83.31034483,81.64413793,,19.7,8.88,7.4,15,33.32781457
18,3w,FW,6/12/2024 3:02,105.1,-5.1,38.1,5351,-1155,5474,127,137.3,-27.1,50.5,59,72.48275862,71.03310345,,31.1,-6.12,-5.1,15,39.92388202
19,3w,FW,6/12/2024 3:02,100.7,1.3,35.9,4561,-348,4574,130,141.4,-1.9,45.1,56.6,69.44827586,68.05931034,,28.9,1.56,1.3,15,41.83714002
20,Dr,Driver,6/12/2024 3:03,132,-0.3,19.2,2699,370,2724,217.9,237.2,14.9,40,45.5,85.16129032,83.45806452,,7.2,-0.36,-0.3,10.5,23.25
21,Dr,Driver,6/12/2024 3:04,123,-5.3,21.1,3615,-660,3675,188.1,204.4,-38.1,39,48.2,79.35483871,77.76774194,,9.1,-6.36,-5.3,10.5,24.02439024
22,Dr,Driver,6/12/2024 3:06,127.5,4.2,25.5,1840,715,1974,216.7,237.7,55.6,46.5,48,82.25806452,80.61290323,,13.5,5.04,4.2,10.5,20.03921569
23,Dr,Driver,6/12/2024 3:07,134.2,-1.8,20.3,2372,365,2400,224.3,244.5,10.4,41.8,45.6,86.58064516,84.84903226,,8.3,-2.16,-1.8,10.5,20.39493294
24,Dr,Driver,6/12/2024 3:08,129.7,-8,22.6,3490,-773,3575,197.9,209.5,-52.9,45.5,50.5,83.67741935,82.00387097,,10.6,-9.6,-8,10.5,20.94834233
25,Dr,Driver,6/12/2024 3:08,125.3,-6.6,28.9,4295,-685,4349,178,191.7,-39.4,55.6,55.7,80.83870968,79.22193548,,16.9,-7.92,-6.6,10.5,28.81085395
26,Dr,Driver,6/12/2024 3:09,127.5,-8,25.1,4499,-49,4499,183.4,196.3,-28.9,49.9,53.5,82.25806452,80.61290323,,13.1,-9.6,-8,10.5,34.90196078
27,Dr,Driver,6/12/2024 3:10,132,0.1,22.2,2025,554,2099,224.9,246.5,30.5,43.2,45.8,85.16129032,83.45806452,,10.2,0.12,0.1,10.5,19.53787879
28,Dr,Driver,6/12/2024 3:11,125.3,0.2,30.6,4097,134,4099,174.5,188.3,4.1,57.3,56.2,80.83870968,79.22193548,,18.6,0.24,0.2,10.5,33.7669593
29,Dr,Driver,6/12/2024 3:12,132,-1.8,21.9,3844,484,3874,199.1,214.3,8,46.4,50.9,85.16129032,83.45806452,,9.9,-2.16,-1.8,10.5,32.78787879
30,Dr,Driver,6/12/2024 3:12,127.5,-8.5,16.5,1144,-1609,1974,178.3,188.4,-75.6,19,29.2,82.25806452,80.61290323,,4.5,-10.2,-8.5,10.5,-3.647058824
31,Dr,Driver,6/12/2024 3:13,123,2.4,30.7,2479,594,2549,190.1,207.4,31.9,54.5,53.8,79.35483871,77.76774194,,18.7,2.88,2.4,10.5,24.98373984
32,Dr,Driver,6/12/2024 3:13,136.5,-6.1,21.7,3707,365,3725,212,227.8,-11.6,50.7,51.6,88.06451613,86.30322581,,9.7,-7.32,-6.1,10.5,29.83150183
33,Dr,Driver,6/12/2024 3:14,116.3,-6.1,26.4,3988,305,4000,169.7,183.8,-12.5,44,51.8,75.03225806,73.5316129,,14.4,-7.32,-6.1,10.5,36.91315563
34,Dr,Driver,6/12/2024 3:15,143.2,-5.3,15.1,2903,-646,2974,231.7,251,-51.8,36.3,42.9,92.38709677,90.53935484,,3.1,-6.36,-5.3,10.5,15.76117318
35,Dr,Driver,6/12/2024 3:18,132,-5.5,23.9,2842,201,2849,211.3,229.6,-13.7,49.6,50.5,85.16129032,83.45806452,,11.9,-6.6,-5.5,10.5,23.0530303
36,Dr,Driver,6/12/2024 3:19,136.5,-2.3,20.6,2199,47,2200,236.7,258,-7.6,44.6,45.8,88.06451613,86.30322581,,8.6,-2.76,-2.3,10.5,16.45421245
1,Dr,Driver,6/2/2024 6:36,118.6,8.7,29.2,2831,828,2950,180.2,186,52,48.6,52.8,76.51612903,74.98580645,,17.2,10.44,8.7,10.5,30.85160202
2,Dr,Driver,6/2/2024 6:38,136.5,-1.7,23.2,2803,510,2849,221.7,240.3,15.8,51.2,50.5,88.06451613,86.30322581,,11.2,-2.04,-1.7,10.5,24.27106227
3,Dr,Driver,6/2/2024 6:38,136.5,0.4,24.3,2964,988,3124,213.7,231,40.8,52.1,51.9,88.06451613,86.30322581,,12.3,0.48,0.4,10.5,28.95238095
4,Dr,Driver,6/2/2024 6:39,129.7,-7.9,18.9,3290,-251,3300,206.8,224.5,-40.1,39,46.4,83.67741935,82.00387097,,6.9,-9.48,-7.9,10.5,23.4309946
5,Dr,Driver,6/2/2024 6:39,129.7,1.7,26.8,2442,1027,2649,206.1,224.5,50,51,51.7,83.67741935,82.00387097,,14.8,2.04,1.7,10.5,26.7463377
6,Dr,Driver,6/2/2024 6:40,140.9,-4.7,18.4,4530,798,4600,211.6,226.3,5,46.2,50.7,90.90322581,89.08516129,,6.4,-5.64,-4.7,10.5,37.81405252
7,Dr,Driver,6/2/2024 6:41,134.2,-4.3,22,3731,574,3775,206.9,222.7,2.2,48.7,51.2,86.58064516,84.84903226,,10,-5.16,-4.3,10.5,32.07898659
8,Dr,Driver,6/2/2024 6:41,138.7,-0.7,21.5,3871,-170,3875,213.8,229.9,-8.7,51.3,51.5,89.48387097,87.69419355,,9.5,-0.84,-0.7,10.5,26.68348955
9,Dr,Driver,6/2/2024 6:42,138.7,1.7,20.6,3990,1139,4149,208.6,224.3,42.3,47.5,51.2,89.48387097,87.69419355,,8.6,2.04,1.7,10.5,36.97909156
10,Dr,Driver,6/2/2024 6:44,127.5,1.5,21.7,3433,1378,3699,192,208.2,46.3,40.5,48.9,82.25806452,80.61290323,,9.7,1.8,1.5,10.5,37.73333333
11,3w,FW,6/2/2024 6:45,134.2,1.9,20.3,2535,447,2574,222.4,242.1,28.8,42.1,46.1,92.55172414,90.70068966,,13.3,2.28,1.9,15,22.22056632
12,3w,FW,6/2/2024 6:46,138.7,0.1,16.7,4415,728,4475,208.4,223.3,21.6,40.6,48.2,95.65517241,93.74206897,,9.7,0.12,0.1,15,37.08002884
13,3w,FW,6/2/2024 6:47,123,-6.6,16.9,3048,99,3050,196.6,215.1,-23.1,30.8,41.6,84.82758621,83.13103448,,9.9,-7.92,-6.6,15,25.58536585
14,3w,FW,6/2/2024 6:48,127.5,6.7,20.8,2816,787,2924,205.8,222.7,54,40,46.6,87.93103448,86.17241379,,13.8,8.04,6.7,15,28.25882353
15,3w,FW,6/2/2024 6:48,120.8,2.3,29,5323,-145,5325,163.8,175.6,3.3,51.7,55.6,83.31034483,81.64413793,,22,2.76,2.3,15,42.86423841
16,3h,Hybrid,6/2/2024 6:51,114.1,2.5,17.4,3098,1205,3324,170.4,187.9,37.5,25,39.3,84.51851852,82.82814815,,12.4,3,2.5,19,37.71253287
17,3h,Hybrid,6/2/2024 6:52,123,-0.7,14.1,5003,-465,5025,179.6,194.1,-13.4,27.7,42.5,91.11111111,89.28888889,,9.1,-0.84,-0.7,19,36.89430894
18,3h,Hybrid,6/2/2024 6:52,109.6,-1.7,15.9,2873,-769,2974,163.2,182,-26,20.7,35.1,81.18518519,79.56148148,,10.9,-2.04,-1.7,19,19.19708029
19,3h,Hybrid,6/2/2024 6:53,114.1,3.1,21.3,3067,594,3124,174.7,192.1,26.1,32.2,44.4,84.51851852,82.82814815,,16.3,3.72,3.1,19,32.08588957
20,3h,Hybrid,6/2/2024 6:53,105.1,2,17.4,2915,448,2949,152.1,167.4,14.7,20.4,35.8,77.85185185,76.29481481,,12.4,2.4,2,19,31.99809705
21,3h,Hybrid,6/2/2024 6:53,123,-3.4,15.1,914,140,925,186.7,221.3,-7.5,16.1,23,91.11111111,89.28888889,,10.1,-4.08,-3.4,19,8.569105691
22,3h,Hybrid,6/2/2024 6:55,116.3,3.9,19.6,4638,584,4675,168.2,176.8,22.2,32.3,46.3,86.14814815,84.42518519,,14.6,4.68,3.9,19,44.9011178
23,3h,Hybrid,6/2/2024 6:55,123,3.9,18.3,174,97,199,138.7,189.6,3.4,11.9,19.9,91.11111111,89.28888889,,13.3,4.68,3.9,19,2.203252033
24,3h,Hybrid,6/2/2024 6:56,116.3,-0.3,19.9,2618,657,2699,182.3,201.7,19.4,30.3,41.8,86.14814815,84.42518519,,14.9,-0.36,-0.3,19,28.15993121
25,4h,Hybrid,6/2/2024 6:57,111.8,4,17,2499,-879,2649,169.1,188.3,-13.6,22.4,35.9,82.81481481,81.15851852,,12,4.8,4,22,14.490161
26,4h,Hybrid,6/2/2024 6:58,111.8,4.9,18,2649,28,2649,172.2,191,15.9,24.9,38.1,82.81481481,81.15851852,,13,5.88,4.9,22,23.94454383
27,4h,Hybrid,6/2/2024 6:58,129.7,0.7,17.7,5218,256,5224,188,201.2,7,37.9,48.5,96.07407407,94.15259259,,12.7,0.84,0.7,22,42.20508867
28,4h,Hybrid,6/2/2024 7:00,116.3,4.1,14.3,3942,-1125,4099,169.2,184.9,-12.1,22.6,37.9,86.14814815,84.42518519,,9.3,4.92,4.1,22,24.22184007
29,4h,Hybrid,6/2/2024 7:01,123,-4.4,5.5,2929,-1464,3274,143.7,169.2,-41.2,6.7,15.9,91.11111111,89.28888889,,0.5,-5.28,-4.4,22,11.91056911
30,4h,Hybrid,6/2/2024 7:01,127.5,-0.9,14.9,3211,-860,3324,199.2,217,-32.8,28.6,40.2,94.44444444,92.55555556,,9.9,-1.08,-0.9,22,18.43921569
31,4h,Hybrid,6/2/2024 7:02,105.1,3,18.7,3083,1103,3274,153.4,170.4,31.7,22.8,38.5,77.85185185,76.29481481,,13.7,3.6,3,22,39.82873454
32,4h,Hybrid,6/2/2024 7:02,116.3,-0.7,15.1,1993,-2105,2899,151.8,168.5,-47.5,15.8,29.3,86.14814815,84.42518519,,10.1,-0.84,-0.7,22,-0.963026655
33,5h,Hybrid,6/2/2024 7:03,120.8,3.8,21.4,3157,957,3299,187,204.2,41.4,36.7,46.6,89.48148148,87.69185185,,16.4,4.56,3.8,25,34.05629139
34,5h,Hybrid,6/2/2024 7:04,114.1,5.5,24.6,3461,787,3549,169.5,185.4,36.6,37.8,48.8,84.51851852,82.82814815,,19.6,6.6,5.5,25,37.23049956
35,5h,Hybrid,6/2/2024 7:04,127.5,-1.2,17,3447,-434,3474,197.8,215.3,-19.7,33.2,43.7,94.44444444,92.55555556,,12,-1.44,-1.2,25,23.63137255
36,5h,Hybrid,6/2/2024 7:05,105.1,1.1,16.5,2520,-1847,3124,142.2,161.7,-34.1,16.7,32.2,77.85185185,76.29481481,,11.5,1.32,1.1,25,6.403425309
37,5h,Hybrid,6/2/2024 7:05,127.5,-1.4,17.7,3471,-152,3474,197.7,214.9,-11.6,34.6,44.5,94.44444444,92.55555556,,12.7,-1.68,-1.4,25,26.03137255
38,5h,Hybrid,6/2/2024 7:06,111.8,-1.1,19.7,4280,903,4374,160.8,175.8,13.1,29.1,44.5,82.81481481,81.15851852,,14.7,-1.32,-1.1,25,46.35957066
39,5h,Hybrid,6/2/2024 7:07,125.3,-5.3,14.1,3612,-1596,3949,184.8,191,-54.6,25,39,92.81481481,90.95851852,,9.1,-6.36,-5.3,25,16.08938547
40,5h,Hybrid,6/2/2024 7:07,105.1,5.9,20.2,4141,271,4150,148.7,162.6,20.5,25.7,42.7,77.85185185,76.29481481,,15.2,7.08,5.9,25,41.97906755
41,5h,Hybrid,6/2/2024 7:08,114.1,3.8,10.2,1863,-727,2000,149,176.4,-9.3,10.1,20,84.51851852,82.82814815,,5.2,4.56,3.8,25,9.956178791
42,5h,Hybrid,6/2/2024 7:08,109.6,1.4,20.3,4399,-23,4399,159.4,173.7,2.5,29.9,45.1,81.18518519,79.56148148,,15.3,1.68,1.4,25,39.9270073
43,5h,Hybrid,6/2/2024 7:09,116.3,3.1,20.1,3770,-186,3775,174,189.7,4.4,32.5,45.3,86.14814815,84.42518519,,15.1,3.72,3.1,25,30.81685297
44,5h,Hybrid,6/2/2024 7:09,100.7,6.6,20.7,2982,-326,3000,149.4,166,10.9,24,39.9,74.59259259,73.10074074,,15.7,7.92,6.6,25,26.37537239
45,5h,Hybrid,6/2/2024 7:10,118.6,4,22.3,2747,392,2775,187.9,206.4,26.9,36.8,45.9,87.85185185,86.09481481,,17.3,4.8,4,25,26.46711636
46,5w,FW,6/2/2024 7:12,120.8,6.5,22.6,3144,717,3225,185.7,203.6,43.9,38.5,47.6,83.31034483,81.64413793,,15.6,7.8,6.5,19,31.96192053
47,5w,FW,6/2/2024 7:12,134.2,5.2,15.4,4940,2053,5350,191.4,196.5,57.3,33.5,46.3,92.55172414,90.70068966,,8.4,6.24,5.2,19,52.10879285
48,5w,FW,6/2/2024 7:13,138.7,-0.4,17.3,4224,46,4224,210.7,226.2,-1.7,41.9,48.4,95.65517241,93.74206897,,10.3,-0.48,-0.4,19,30.78586878
49,5w,FW,6/2/2024 7:14,136.5,-1.9,20.5,3149,51,3149,220.3,238.1,-7.3,46.5,48.9,94.13793103,92.25517241,,13.5,-2.28,-1.9,19,23.44322344
50,5w,FW,6/2/2024 7:14,136.5,-1.1,21.8,2869,685,2950,220.9,239.3,23.4,47.8,49.4,94.13793103,92.25517241,,14.8,-1.32,-1.1,19,26.03663004
51,5w,FW,6/2/2024 7:15,132,0.3,18.6,3951,1269,4150,196.9,212.8,35.5,38.4,47.7,91.03448276,89.2137931,,11.6,0.36,0.3,19,39.54545455
52,5w,FW,6/2/2024 7:17,138.7,-3.8,17.7,3215,621,3274,220.7,238.8,6.9,40.6,46.4,95.65517241,93.74206897,,10.7,-4.56,-3.8,19,27.65681327
53,5w,FW,6/2/2024 7:18,132,2.2,19.9,4099,44,4099,201.8,217.1,8.2,43.7,49.6,91.03448276,89.2137931,,12.9,2.64,2.2,19,31.38636364
54,5w,FW,6/2/2024 7:18,129.7,-0.2,25.1,2519,529,2574,214.1,232.8,21.5,50.6,50.5,89.44827586,87.65931034,,18.1,-0.24,-0.2,19,23.50038551
55,5w,FW,6/2/2024 7:19,132,2,20.2,3747,143,3750,203.6,219.5,11,43.3,49.1,91.03448276,89.2137931,,13.2,2.4,2,19,29.46969697
56,5w,FW,6/2/2024 7:20,125.3,-12.2,12.8,3923,-1005,4050,186.2,192.3,-64.2,24.3,38.5,86.4137931,84.68551724,,5.8,-14.64,-12.2,19,23.28810854
57,Dr,Driver,6/2/2024 7:22,132,-6.6,12.6,4090,698,4149,199.3,215.3,-7.1,27.9,40.8,85.16129032,83.45806452,,0.6,-7.92,-6.6,10.5,36.27272727
58,Dr,Driver,6/2/2024 7:23,127.5,6.7,24.9,2627,1038,2825,203.6,210.4,60,46.9,50.3,82.25806452,80.61290323,,12.9,8.04,6.7,10.5,28.74509804
59,Dr,Driver,6/2/2024 7:23,129.7,-0.5,18.6,3105,1770,3574,195.7,213.1,50.6,33.9,44.8,83.67741935,82.00387097,,6.6,-0.6,-0.5,10.5,37.58673863
60,Dr,Driver,6/2/2024 7:25,140.9,1,20.1,2433,280,2449,242,262.6,17.9,46.9,47,90.90322581,89.08516129,,8.1,1.2,1,10.5,19.25479063
61,Dr,Driver,6/2/2024 7:26,129.7,2.9,20.5,3294,1023,3449,201.1,218.3,43.4,40.4,47.9,83.67741935,82.00387097,,8.5,3.48,2.9,10.5,33.2845027
62,Dr,Driver,6/2/2024 7:26,138.7,1.9,22,1747,430,1799,248.5,272.1,36.2,45.8,44.9,89.48387097,87.69419355,,10,2.28,1.9,10.5,15.69574621
63,Dr,Driver,6/2/2024 7:27,138.7,-3.2,7.1,3119,2035,3724,185.7,207.5,38.1,13.3,25.2,89.48387097,87.69419355,,-4.9,-3.84,-3.2,10.5,37.1593367
64,Dr,Driver,6/2/2024 7:28,132,-2.4,18.5,3195,438,3225,212.2,231.2,5.2,39.5,46.2,85.16129032,83.45806452,,6.5,-2.88,-2.4,10.5,27.52272727
65,Dr,Driver,6/2/2024 7:29,125.3,1.7,24.5,1886,663,1999,210.4,231.7,39,42.3,46.2,80.83870968,79.22193548,,12.5,2.04,1.7,10.5,20.34317638
66,Dr,Driver,6/2/2024 7:29,127.5,-0.2,22.9,2946,964,3100,202.3,219.8,33.1,44.2,49.3,82.25806452,80.61290323,,10.9,-0.24,-0.2,10.5,30.66666667
67,Dr,Driver,6/2/2024 7:30,136.5,-5.5,10.1,4095,1465,4349,198.3,212.1,15.3,23.2,36.9,88.06451613,86.30322581,,-1.9,-6.6,-5.5,10.5,40.73260073
68,Dr,Driver,6/2/2024 7:30,132,-9.4,6.5,2364,731,2474,183,209.6,-12.7,10.2,19.2,85.16129032,83.45806452,,-5.5,-11.28,-9.4,10.5,23.4469697
69,3w,FW,6/2/2024 7:32,134.2,4,18.7,3415,1547,3749,206.2,212.4,58.4,39,47.4,92.55172414,90.70068966,,11.7,4.8,4,15,36.97466468
70,3w,FW,6/2/2024 7:33,134.2,5.5,23.3,2614,1133,2849,217.5,225.1,65.5,48.3,50.1,92.55172414,90.70068966,,16.3,6.6,5.5,15,27.92101341
71,3w,FW,6/2/2024 7:33,132,1.5,25.4,1856,510,1925,227.5,248.8,34.8,49.5,48.2,91.03448276,89.2137931,,18.4,1.8,1.5,15,17.92424242
72,3w,FW,6/2/2024 7:35,132,-2.8,13.1,2811,279,2825,211.2,231.1,-2.2,26.4,36.9,91.03448276,89.2137931,,6.1,-3.36,-2.8,15,23.40909091
73,3w,FW,6/2/2024 7:36,138.7,-2.9,9.5,2147,-342,2174,217.6,243.1,-29.7,17.8,26.8,95.65517241,93.74206897,,2.5,-3.48,-2.9,15,13.01369863
74,3w,FW,6/2/2024 7:37,140.9,-1.9,18,3781,-372,3799,220.8,237.4,-22.9,45,48.9,97.17241379,95.22896552,,11,-2.28,-1.9,15,24.19446416
75,3w,FW,6/2/2024 7:37,143.2,-0.7,16.8,4632,-405,4650,213.8,228.9,-16.6,43.9,49.5,98.75862069,96.78344828,,9.8,-0.84,-0.7,15,29.51815642
76,3w,FW,6/2/2024 7:38,136.5,5.2,19.3,3796,995,3924,210.7,227,51.7,44.2,49.5,94.13793103,92.25517241,,12.3,6.24,5.2,15,35.0989011
77,3w,FW,6/2/2024 7:39,123,8.3,17.3,3940,1037,4074,183.9,196.9,52.4,31.4,44.2,84.82758621,83.13103448,,10.3,9.96,8.3,15,40.46341463
78,3w,FW,6/2/2024 7:39,129.7,4.5,26.5,3051,782,3150,200.2,217.2,43.9,52.5,52.8,89.44827586,87.65931034,,19.5,5.4,4.5,15,29.55281419
79,3w,FW,6/2/2024 7:40,138.7,-1.4,15.1,3413,-1143,3599,214.1,232,-46.7,34,43.6,95.65517241,93.74206897,,8.1,-1.68,-1.4,15,16.36625811
80,3w,FW,6/2/2024 7:41,138.7,0.9,16.3,3085,-303,3100,227.5,246.2,-10.6,38.7,44.8,95.65517241,93.74206897,,9.3,1.08,0.9,15,20.05767844
81,3h,Hybrid,6/2/2024 7:42,120.8,-4.2,15.2,2779,-632,2850,186.6,205.6,-36.8,24.4,36.5,89.48148148,87.69185185,,10.2,-5.04,-4.2,19,17.77317881
82,3h,Hybrid,6/2/2024 7:42,109.6,0,17.1,3642,-238,3650,160.3,176.1,-6.3,23.6,39.1,81.18518519,79.56148148,,12.1,0,0,19,31.05839416
83,3h,Hybrid,6/2/2024 7:43,127.5,7,9.7,3807,1650,4149,178.1,184.4,53.7,17.6,32,94.44444444,92.55555556,,4.7,8.4,7,19,42.8
84,3h,Hybrid,6/2/2024 7:43,123,10,10.1,2424,26,2424,182.5,206.1,35.5,15.1,26.1,91.11111111,89.28888889,,5.1,12,10,19,19.91869919
85,3h,Hybrid,6/2/2024 7:44,120.8,-6.2,17.4,3588,-1088,3749,181.8,195.1,-49.8,29.7,42.8,89.48148148,87.69185185,,12.4,-7.44,-6.2,19,20.69536424
86,3h,Hybrid,6/2/2024 7:44,116.3,-3.5,15.8,2942,-1125,3150,171.4,189.9,-42.5,22.5,36.6,86.14814815,84.42518519,,10.8,-4.2,-3.5,19,15.62338779
87,3h,Hybrid,6/2/2024 7:44,107.4,5,15.3,2901,-530,2949,154.9,173.9,1.7,18.4,32.9,79.55555556,77.96444444,,10.3,6,5,19,22.07635009
88,3h,Hybrid,6/2/2024 7:45,120.8,5.3,19.2,89,-178,199,150.7,198.3,31.8,14.1,21.8,89.48148148,87.69185185,,14.2,6.36,5.3,19,-0.736754967
89,3h,Hybrid,6/2/2024 7:45,120.8,4.5,20.2,4306,400,4325,179.6,194.1,23.7,36.5,47.7,89.48148148,87.69185185,,15.2,5.4,4.5,19,38.95695364
90,4h,Hybrid,6/2/2024 7:46,118.6,6,10.5,2465,-2412,3449,144.8,168.1,-27.8,10.9,23.1,87.85185185,86.09481481,,5.5,7.2,6,22,0.44688027
91,4h,Hybrid,6/2/2024 7:46,123,6.2,22.4,2752,349,2774,198.5,217.1,35.4,40.4,47.1,91.11111111,89.28888889,,17.4,7.44,6.2,22,25.21138211
92,4h,Hybrid,6/2/2024 7:47,127.5,-3.5,20.7,2573,-98,2575,211.7,231.4,-19.9,40,45.6,94.44444444,92.55555556,,15.7,-4.2,-3.5,22,19.41176471
93,4h,Hybrid,6/2/2024 7:47,107.4,11.8,14.3,2845,159,2849,156,175.5,38.9,17.4,31.6,79.55555556,77.96444444,,9.3,14.16,11.8,22,27.97020484
94,4h,Hybrid,6/2/2024 7:47,120.8,-0.4,20.4,239,320,399,173.6,215.2,4.6,18,24.9,89.48148148,87.69185185,,15.4,-0.48,-0.4,22,4.627483444
95,4h,Hybrid,6/2/2024 7:49,118.6,-2,22.3,2534,-279,2549,190.2,209.2,-17.5,36.4,45.1,87.85185185,86.09481481,,17.3,-2.4,-2,22,19.01349073
96,4h,Hybrid,6/2/2024 7:49,118.6,-0.2,23.1,2298,-87,2300,196.2,216.4,-4.3,38.2,45.3,87.85185185,86.09481481,,18.1,-0.24,-0.2,22,18.64249578
97,4h,Hybrid,6/2/2024 7:50,125.3,1.3,22.7,3408,-335,3424,196.3,212.7,-5.9,44.2,49.7,92.81481481,90.95851852,,17.7,1.56,1.3,22,24.52513966
98,4h,Hybrid,6/2/2024 7:50,132,-3.7,19.2,4265,-1268,4449,196.6,211.8,-47.8,40.7,49.2,97.77777778,95.82222222,,14.2,-4.44,-3.7,22,22.70454545
99,4h,Hybrid,6/2/2024 7:50,127.5,1.7,24.2,5016,-578,5049,182.7,195.8,-7.3,49,53.4,94.44444444,92.55555556,,19.2,2.04,1.7,22,34.80784314
100,4h,Hybrid,6/2/2024 7:51,127.5,3.9,22,4911,-619,4950,186.2,199.6,-0.5,45.2,51.8,94.44444444,92.55555556,,17,4.68,3.9,22,33.6627451
101,4h,Hybrid,6/2/2024 7:52,125.3,0.8,16.2,5205,685,5250,180.2,193.7,17,32,45.6,92.81481481,90.95851852,,11.2,0.96,0.8,22,47.00718276
102,4h,Hybrid,6/2/2024 7:52,125.3,3.2,25.7,4755,652,4799,178.8,192.2,25.7,49.7,53.9,92.81481481,90.95851852,,20.7,3.84,3.2,22,43.15243416
103,4h,Hybrid,6/2/2024 7:52,118.6,0.2,20.7,3528,-2413,4274,169.6,180.6,-48.7,31.2,45.6,87.85185185,86.09481481,,15.7,0.24,0.2,22,9.401349073
104,5h,Hybrid,6/2/2024 7:54,114.1,-0.7,23.1,2705,-615,2774,178.2,196.1,-21.8,34.9,45.6,84.51851852,82.82814815,,18.1,-0.84,-0.7,25,18.31726556
105,5h,Hybrid,6/2/2024 7:54,125.3,1.4,26.9,1673,-64,1674,220.3,242.6,2.1,48.6,47.8,92.81481481,90.95851852,,21.9,1.68,1.4,25,12.84118117
106,5h,Hybrid,6/2/2024 7:55,123,7.1,23.9,2172,960,2375,199.6,207.3,62,40.3,46.6,91.11111111,89.28888889,,18.9,8.52,7.1,25,25.46341463
107,5h,Hybrid,6/2/2024 7:56,129.7,-4.2,15.9,4770,-208,4775,191.5,206.4,-20.4,34.2,46,96.07407407,94.15259259,,10.9,-5.04,-4.2,25,35.17347726
108,5h,Hybrid,6/2/2024 7:56,120.8,-5.2,12.5,3536,-309,3549,181.8,199.6,-26.4,21.7,35.6,89.48148148,87.69185185,,7.5,-6.24,-5.2,25,26.71357616
109,5h,Hybrid,6/2/2024 7:56,127.5,4.3,12.2,5478,-481,5499,181.8,195.1,5.4,26.4,41.7,94.44444444,92.55555556,,7.2,5.16,4.3,25,39.19215686
110,5h,Hybrid,6/2/2024 7:57,114.1,4.6,25.3,5090,929,5174,158.9,171.4,30.3,40.1,51.7,84.51851852,82.82814815,,20.3,5.52,4.6,25,52.75197195
111,5h,Hybrid,6/2/2024 7:59,114.1,-0.8,24.8,5575,-518,5599,159.4,171.3,-11,40.5,51.9,84.51851852,82.82814815,,19.8,-0.96,-0.8,25,44.32077125
112,5h,Hybrid,6/2/2024 7:59,111.8,3.8,21.1,5700,750,5749,155.1,167.1,22.7,32.3,47.9,82.81481481,81.15851852,,16.1,4.56,3.8,25,57.69230769
113,5h,Hybrid,6/2/2024 7:59,123,0.1,19.6,6374,-34,6374,172.4,183.9,-0.3,38.3,50.1,91.11111111,89.28888889,,14.6,0.12,0.1,25,51.54471545
114,5h,Hybrid,6/2/2024 8:00,127.5,1.8,19.3,5063,-610,5100,185.2,198.6,-7.2,39.4,49.4,94.44444444,92.55555556,,14.3,2.16,1.8,25,34.9254902
115,5h,Hybrid,6/2/2024 8:00,114.1,3.2,20.6,3172,-121,3174,174,191.4,7.6,31.3,43.8,84.51851852,82.82814815,,15.6,3.84,3.2,25,26.73970202
116,5h,Hybrid,6/2/2024 8:00,127.5,-1.3,16.9,5141,-1287,5300,183.8,197.7,-31.7,34.4,47,94.44444444,92.55555556,,11.9,-1.56,-1.3,25,30.22745098
117,5h,Hybrid,6/2/2024 8:01,114.1,-1.5,20.4,3596,-453,3624,172.6,188.8,-16.5,32,44.9,84.51851852,82.82814815,,15.4,-1.8,-1.5,25,27.54601227
118,5w,FW,6/2/2024 8:02,118.6,-7.2,27.3,3594,-1755,4000,171.3,176.5,-59.5,44.5,52.8,81.79310345,80.15724138,,20.3,-8.64,-7.2,19,15.50590219
119,5w,FW,6/2/2024 8:02,125.3,2.4,24.8,3099,-1570,3474,187.1,204.4,-39.1,43.3,50.7,86.4137931,84.68551724,,17.8,2.88,2.4,19,12.20271349
120,5w,FW,6/2/2024 8:03,129.7,-6.1,20.8,2621,-1878,3224,196.4,203.5,-76.1,36.2,45.9,89.44827586,87.65931034,,13.8,-7.32,-6.1,19,5.728604472
121,5w,FW,6/2/2024 8:03,136.5,1.1,16.5,4668,254,4675,204.8,219.8,11.5,39.9,48.2,94.13793103,92.25517241,,9.5,1.32,1.1,19,36.05860806
122,5w,FW,6/2/2024 8:03,120.8,3.3,30.6,5671,-185,5674,159.2,170.5,6.8,54.2,56.7,83.31034483,81.64413793,,23.6,3.96,3.3,19,45.41390728
123,5w,FW,6/2/2024 8:04,125.3,-0.3,27.3,4286,-1802,4649,176,189.7,-41.8,49.8,54.8,86.4137931,84.68551724,,20.3,-0.36,-0.3,19,19.82442139
124,5w,FW,6/2/2024 8:04,129.7,-3.5,18.9,5506,694,5550,186.5,199.5,2.4,40.8,50.1,89.44827586,87.65931034,,11.9,-4.2,-3.5,19,47.80262143
125,5w,FW,6/2/2024 8:05,118.6,-4.8,27.9,4360,-1946,4775,164.7,169.5,-49.1,45.8,54.2,81.79310345,80.15724138,,20.9,-5.76,-4.8,19,20.35413153
126,5w,FW,6/2/2024 8:06,134.2,1.9,24.8,4790,577,4825,191.7,205.3,21.8,54.4,54.5,92.55172414,90.70068966,,17.8,2.28,1.9,19,39.99254844
127,5w,FW,6/2/2024 8:06,120.8,3.7,29.1,6363,-1198,6475,157,167.5,-7.1,51.1,56.3,83.31034483,81.64413793,,22.1,4.44,3.7,19,42.75662252
128,5w,FW,6/2/2024 8:08,138.7,-1.1,13.5,3747,-122,3749,218.5,235.8,-8.6,33.7,43.3,95.65517241,93.74206897,,6.5,-1.32,-1.1,19,26.13554434
129,5w,FW,6/2/2024 8:09,129.7,1.9,24.4,7149,3589,7999,167.8,171.3,52.5,48,56,89.44827586,87.65931034,,17.4,2.28,1.9,19,82.79105628
130,5w,FW,6/2/2024 8:09,134.2,-4.2,21.9,3070,-986,3224,213.8,230.5,-54.4,46.9,49.9,92.55172414,90.70068966,,14.9,-5.04,-4.2,19,15.5290611
131,5w,FW,6/2/2024 8:10,134.2,0,25.8,5650,0,5650,183.7,196.1,0,56.6,55.6,92.55172414,90.70068966,,18.8,0,0,19,42.10134128
1,3w,FW,6/3/2024 6:23,111.8,-2.5,22.2,2488,-424,2524,173.7,192.5,-22,31.3,43.2,77.10344828,75.56137931,,15.2,-3,-2.5,15,18.46153846
2,3w,FW,6/3/2024 6:24,129.7,0.3,19.9,2490,652,2574,214.9,234.8,30.2,39,44.8,89.44827586,87.65931034,,12.9,0.36,0.3,15,24.22513493
3,3w,FW,6/3/2024 6:25,129.7,2.8,26,2080,919,2274,213,232.9,55.8,48.8,49.9,89.44827586,87.65931034,,19,3.36,2.8,15,23.12259059
4,3w,FW,6/3/2024 6:28,136.5,-4,19.6,3539,505,3575,211.6,228.4,2,44.4,49.1,94.13793103,92.25517241,,12.6,-4.8,-4,15,29.62637363
5,3w,FW,6/3/2024 6:29,136.5,-4.4,20.5,3349,18,3349,215.4,232.6,-17.4,46.5,49.5,94.13793103,92.25517241,,13.5,-5.28,-4.4,15,24.66666667
6,3w,FW,6/3/2024 6:30,143.2,-5.9,15.7,3439,-1294,3674,219.6,225.9,-64.6,37.5,45.7,98.75862069,96.78344828,,8.7,-7.08,-5.9,15,14.97905028
7,3w,FW,6/3/2024 6:30,127.5,3.7,28.2,2926,766,3025,197.6,214.4,42.2,55.1,53.9,87.93103448,86.17241379,,21.2,4.44,3.7,15,28.95686275
8,3w,FW,6/3/2024 6:31,129.7,-5.4,18.5,2723,-104,2725,213.6,234.4,-26.6,37.3,44.3,89.44827586,87.65931034,,11.5,-6.48,-5.4,15,20.19275251
9,3w,FW,6/3/2024 6:32,134.2,6.1,26.6,3665,1177,3849,197.3,210,58.1,56.2,54.9,92.55172414,90.70068966,,19.6,7.32,6.1,15,36.0804769
10,3w,FW,6/3/2024 6:32,134.2,-1.7,10,4045,1913,4475,189.8,206.2,39.5,21.2,35.9,92.55172414,90.70068966,,3,-2.04,-1.7,15,44.39642325
11,3w,FW,6/3/2024 6:33,132,4.3,28.1,2485,567,2549,213.9,232,43.8,58.6,53.4,91.03448276,89.2137931,,21.1,5.16,4.3,15,23.12121212
12,3w,FW,6/3/2024 6:34,134.2,-7.2,15.4,4271,-491,4299,201.1,216.6,-41.2,35.1,45.7,92.55172414,90.70068966,,8.4,-8.64,-7.2,15,28.16691505
13,3w,FW,6/3/2024 6:34,127.5,6.7,26.4,2866,1532,3250,184.8,197.3,70,48.8,58.1,87.93103448,86.17241379,,19.4,8.04,6.7,15,34.49411765
14,3w,FW,6/3/2024 6:36,129.7,3.8,14.8,4015,1314,4225,191,207.4,47.9,29.7,42.5,89.44827586,87.65931034,,7.8,4.56,3.8,15,41.08712413
15,3w,FW,6/3/2024 6:37,138.7,0.9,15.5,3460,-668,3524,217.9,235.5,-20.7,36.7,44.9,95.65517241,93.74206897,,8.5,1.08,0.9,15,20.1297765
16,3w,FW,6/3/2024 6:38,129.7,6.4,19.4,2314,633,2399,214.7,235.5,55.5,36.7,43.4,89.44827586,87.65931034,,12.4,7.68,6.4,15,22.72166538
17,3w,FW,6/3/2024 6:38,132,-1.8,6.3,1863,370,1899,178.1,209.1,6.5,8.3,15.4,91.03448276,89.2137931,,-0.7,-2.16,-1.8,15,16.91666667
18,3w,FW,6/3/2024 6:38,127.5,10.9,27.7,1861,859,2050,212.2,220.7,84.6,49.7,50.8,87.93103448,86.17241379,,20.7,13.08,10.9,15,21.33333333
19,3w,FW,6/3/2024 6:39,129.7,4.1,22.9,1883,504,1949,225,247,46.1,43.3,45.6,89.44827586,87.65931034,,15.9,4.92,4.1,15,18.40400925
20,3w,FW,6/3/2024 6:40,132,8.7,18.9,2105,792,2249,214,225.2,67.5,35.2,43.3,91.03448276,89.2137931,,11.9,10.44,8.7,15,21.9469697
21,5w,FW,6/3/2024 6:42,132,5.4,23.8,2255,448,2299,220.2,240.4,45.2,47.6,48.5,91.03448276,89.2137931,,16.8,6.48,5.4,19,20.47727273
22,5w,FW,6/3/2024 6:44,129.7,-3.3,19.1,2890,-445,2924,210.2,228.6,-30.9,38.6,45.6,89.44827586,87.65931034,,12.1,-3.96,-3.3,19,18.85119507
23,5w,FW,6/3/2024 6:45,127.5,-9.9,16.6,3463,-2050,4024,183.5,189.4,-77.1,28.7,42.4,87.93103448,86.17241379,,9.6,-11.88,-9.9,19,11.08235294
24,5w,FW,6/3/2024 6:46,125.3,7,28,2269,374,2300,204.2,222.8,44.3,52,51.5,86.4137931,84.68551724,,21,8.4,7,19,21.0933759
25,5w,FW,6/3/2024 6:47,120.8,1.5,29,422,389,574,214.4,247.3,33.8,36.5,38.9,83.31034483,81.64413793,,22,1.8,1.5,19,6.713576159
26,5w,FW,6/3/2024 6:49,129.7,-3.3,26,3498,-735,3574,195.7,211.4,-36.1,52.8,53.4,89.44827586,87.65931034,,19,-3.96,-3.3,19,21.30300694
27,4h,Hybrid,6/3/2024 6:50,129.7,-2.5,18.1,3110,-1175,3325,198.9,216.8,-48.5,34.3,44.5,96.07407407,94.15259259,,13.1,-3,-2.5,22,14.91904395
28,4h,Hybrid,6/3/2024 6:50,118.6,6.4,27.6,3474,-56,3474,176.5,191.8,19.9,47.6,52.7,87.85185185,86.09481481,,22.6,7.68,6.4,22,28.81956155
29,4h,Hybrid,6/3/2024 6:50,118.6,5.2,18.9,3696,-631,3749,179.6,195.9,1.5,32.3,44.8,87.85185185,86.09481481,,13.9,6.24,5.2,22,25.84317032
30,4h,Hybrid,6/3/2024 6:51,102.9,3.9,15.3,1259,-612,1400,142.3,169.5,-7.7,13,24.3,76.22222222,74.69777778,,10.3,4.68,3.9,22,6.28765792
31,4h,Hybrid,6/3/2024 6:51,118.6,3.7,22.1,552,645,849,187.7,220.8,50.4,23.9,31.4,87.85185185,86.09481481,,17.1,4.44,3.7,22,10.09274874
32,4h,Hybrid,6/3/2024 6:52,116.3,1.8,17.1,1292,-469,1374,182.6,209.7,-15.5,20.3,29.5,86.14814815,84.42518519,,12.1,2.16,1.8,22,7.076526225
33,4h,Hybrid,6/3/2024 6:54,111.8,5.2,18.2,3097,-135,3100,171.4,188.6,13.5,26.8,40.5,82.81481481,81.15851852,,13.2,6.24,5.2,22,26.49373882
34,4h,Hybrid,6/3/2024 6:55,111.8,-3.4,13.6,2876,-2037,3524,148.3,167.9,-48.7,15.4,30.3,82.81481481,81.15851852,,8.6,-4.08,-3.4,22,7.504472272
35,4h,Hybrid,6/3/2024 6:56,129.7,0.7,20.3,3623,-98,3624,200.1,213,-0.3,42,48.7,96.07407407,94.15259259,,15.3,0.84,0.7,22,27.17810332
36,4h,Hybrid,6/3/2024 6:57,123,6.4,23.2,2299,-25,2299,206.4,226.2,24.1,42,46.7,91.11111111,89.28888889,,18.2,7.68,6.4,22,18.48780488
37,5h,Hybrid,6/3/2024 7:00,123,-1.9,20.1,2296,-696,2399,198.4,218.8,-35.8,33.5,42.5,91.11111111,89.28888889,,15.1,-2.28,-1.9,25,13.00813008
38,5h,Hybrid,6/3/2024 7:00,102.9,9.8,21.6,2643,406,2674,154,171.6,39.8,25.6,40.6,76.22222222,74.69777778,,16.6,11.76,9.8,25,29.63070943
39,5h,Hybrid,6/3/2024 7:01,102.9,9.2,22.4,2314,409,2350,157.8,176.9,40.2,26.7,40.5,76.22222222,74.69777778,,17.4,11.04,9.2,25,26.46258503
40,5h,Hybrid,6/3/2024 7:02,123,-2.8,18.1,2260,-878,2425,195.1,216.3,-45,29,39.5,91.11111111,89.28888889,,13.1,-3.36,-2.8,25,11.23577236
41,5h,Hybrid,6/3/2024 7:02,127.5,6.9,21.5,2316,395,2349,214.2,234.3,46.9,40.9,45.7,94.44444444,92.55555556,,16.5,8.28,6.9,25,21.2627451
42,5h,Hybrid,6/3/2024 7:02,120.8,4.5,19.8,5068,-249,5074,172.6,186,9.7,35.7,48,89.48148148,87.69185185,,14.8,5.4,4.5,25,39.89238411
43,5h,Hybrid,6/3/2024 7:03,111.8,12,26.8,1839,201,1850,187,207.5,52.1,39.6,46.2,82.81481481,81.15851852,,21.8,14.4,12,25,18.24686941
44,5h,Hybrid,6/3/2024 7:04,116.3,4.2,22.4,3236,300,3250,176.7,193.5,22.9,35.9,46.8,86.14814815,84.42518519,,17.4,5.04,4.2,25,30.40412726
45,5h,Hybrid,6/3/2024 7:04,123,-6.9,26.8,2620,-986,2799,190.7,208.3,-60.6,46.8,51.2,91.11111111,89.28888889,,21.8,-8.28,-6.9,25,13.28455285
46,5h,Hybrid,6/3/2024 7:06,118.6,-0.3,16.8,3394,-1869,3875,170.3,186.7,-43.7,25.3,40.3,87.85185185,86.09481481,,11.8,-0.36,-0.3,25,12.85834739
47,Dr,Driver,6/3/2024 7:07,136.5,0.5,18,3883,361,3900,211.6,227.4,14,42.6,48.5,88.06451613,86.30322581,,6,0.6,0.5,10.5,31.09157509
48,Dr,Driver,6/3/2024 7:08,134.2,-1.6,18,3474,-1033,3624,209,226,-41.4,39.3,47.1,86.58064516,84.84903226,,6,-1.92,-1.6,10.5,18.18926975
49,Dr,Driver,6/3/2024 7:09,127.5,-7.7,14.3,4321,497,4349,189.1,204.6,-15.2,29.3,42.7,82.25806452,80.61290323,,2.3,-9.24,-7.7,10.5,37.78823529
50,Dr,Driver,6/3/2024 7:10,127.5,1.9,25.8,2519,529,2574,204.8,222.7,30.2,49,50.6,82.25806452,80.61290323,,13.8,2.28,1.9,10.5,23.90588235
51,Dr,Driver,6/3/2024 7:10,127.5,-4,20,3415,-489,3450,197.7,214.7,-30.9,39.3,47.4,82.25806452,80.61290323,,8,-4.8,-4,10.5,22.94901961
52,Dr,Driver,6/3/2024 7:11,118.6,-10.7,14.5,1232,-211,1250,182.8,212.6,-49.6,16.5,24.8,76.51612903,74.98580645,,2.5,-12.84,-10.7,10.5,8.608768971
53,Dr,Driver,6/3/2024 7:12,123,-1.8,27.3,304,-218,374,208.1,247.6,-14.7,30.6,34.1,79.35483871,77.76774194,,15.3,-2.16,-1.8,10.5,0.699186992
54,Dr,Driver,6/3/2024 7:13,120.8,-1,19.7,4163,1343,4374,174.9,189.9,27.3,33.7,46.8,77.93548387,76.37677419,,7.7,-1.2,-1,10.5,45.5794702
55,Dr,Driver,6/3/2024 7:14,136.5,-1.1,14.7,1912,-1976,2750,197,212.5,-67.7,22.5,33.5,88.06451613,86.30322581,,2.7,-1.32,-1.1,10.5,-0.468864469
56,Dr,Driver,6/3/2024 7:14,132,-1.7,12.8,1262,-898,1549,191.8,223.8,-46.8,15.7,23.7,85.16129032,83.45806452,,0.8,-2.04,-1.7,10.5,2.757575758
57,Dr,Driver,6/3/2024 7:15,129.7,6.6,28.6,2248,347,2275,215,234.2,44.6,57.9,52.8,83.67741935,82.00387097,,16.6,7.92,6.6,10.5,20.0077101
58,Dr,Driver,6/3/2024 7:16,129.7,1.3,26.9,1886,494,1950,222.5,243.5,34,52.1,49.9,83.67741935,82.00387097,,14.9,1.56,1.3,10.5,18.35003855
59,Dr,Driver,6/3/2024 7:16,125.3,5.7,28.6,1217,522,1324,223.7,248,60.8,48.3,47.1,80.83870968,79.22193548,,16.6,6.84,5.7,10.5,13.87869114
60,Dr,Driver,6/3/2024 7:17,132,2.3,23.9,2893,575,2950,209.3,226.6,32.4,49.3,50.7,85.16129032,83.45806452,,11.9,2.76,2.3,10.5,26.27272727
61,Dr,Driver,6/3/2024 7:17,136.5,-1.7,19.6,3391,240,3399,215.2,231.1,2,44.7,48.8,88.06451613,86.30322581,,7.6,-2.04,-1.7,10.5,26.6007326
62,Dr,Driver,6/3/2024 7:19,127.5,-0.6,26.3,2367,524,2424,210.5,229.4,22,51.1,50.8,82.25806452,80.61290323,,14.3,-0.72,-0.6,10.5,22.6745098
63,Dr,Driver,6/3/2024 7:19,123,4.8,26.8,2455,586,2524,199.4,217.7,42.5,48.9,50.9,79.35483871,77.76774194,,14.8,5.76,4.8,10.5,24.72357724
64,Dr,Driver,6/3/2024 7:21,125.3,2.4,24.7,3996,1290,4199,181.7,196.2,41,45.8,52.4,80.83870968,79.22193548,,12.7,2.88,2.4,10.5,42.1867518
65,5w,FW,6/3/2024 7:22,123,-2.2,28.7,3021,415,3049,188.1,204.4,6.2,52.9,53.6,84.82758621,83.13103448,,21.7,-2.64,-2.2,19,27.93495935
66,5w,FW,6/3/2024 7:23,116.3,2,28.1,2055,282,2074,188,207.6,19.5,44.1,49,80.20689655,78.60275862,,21.1,2.4,2,19,20.09458298
67,5w,FW,6/3/2024 7:24,125.3,5.3,18.1,2525,0,2525,205.9,226.1,21.2,33.2,41.8,86.4137931,84.68551724,,11.1,6.36,5.3,19,20.15163607
68,5w,FW,6/3/2024 7:24,123,0.4,16.6,2996,147,3000,195.1,214.1,6.5,29.9,41.1,84.82758621,83.13103448,,9.6,0.48,0.4,19,25.55284553
69,5w,FW,6/3/2024 7:25,127.5,0.2,16,3436,985,3574,192.4,210.2,30.2,30.1,42.2,87.93103448,86.17241379,,9,0.24,0.2,19,34.6745098
70,5w,FW,6/3/2024 7:26,125.3,-1.7,16,3105,-868,3224,195.5,214.2,-34.9,29.5,41.1,86.4137931,84.68551724,,9,-2.04,-1.7,19,17.85315243
71,5w,FW,6/3/2024 7:26,118.6,7.6,35,2272,490,2324,181.2,198.6,45.7,59.6,56.1,81.79310345,80.15724138,,28,9.12,7.6,19,23.28836425
72,5w,FW,6/3/2024 7:27,132,-4.2,7.3,2365,206,2374,191.9,217.4,-8.6,12.3,21.9,91.03448276,89.2137931,,0.3,-5.04,-4.2,19,19.47727273
73,5w,FW,6/3/2024 7:28,127.5,1.8,18.7,2853,519,2900,202.2,221.4,26.4,35.1,44,87.93103448,86.17241379,,11.7,2.16,1.8,19,26.44705882
74,5w,FW,6/3/2024 7:28,125.3,2.2,18,2019,154,2025,210.5,233.3,16.6,30.8,38.8,86.4137931,84.68551724,,11,2.64,2.2,19,17.34237829
75,5w,FW,6/3/2024 7:28,134.2,-0.5,13.8,4156,-756,4224,201.4,217.4,-23.2,31.5,43.4,92.55172414,90.70068966,,6.8,-0.6,-0.5,19,25.33532042
76,5w,FW,6/3/2024 7:28,125.3,2.1,13.7,4788,1603,5049,177.1,191,39.1,25.9,41.5,86.4137931,84.68551724,,6.7,2.52,2.1,19,51.00558659
77,3w,FW,6/3/2024 7:30,125.3,2,24.9,3442,476,3475,191,206.7,22.2,47.6,51.7,86.4137931,84.68551724,,17.9,2.4,2,15,31.26895451
78,3w,FW,6/3/2024 7:30,129.7,3.4,16.3,2584,587,2650,208.7,229.2,37.6,30.8,40.3,89.44827586,87.65931034,,9.3,4.08,3.4,15,24.44872783
79,3w,FW,6/3/2024 7:31,136.5,-2.5,8.9,2869,785,2974,203.1,224.4,17.5,18.1,29.8,94.13793103,92.25517241,,1.9,-3,-2.5,15,26.76923077
80,3w,FW,6/3/2024 7:32,129.7,7.2,18.9,1730,494,1799,225.7,249.5,59.7,33.8,39.3,89.44827586,87.65931034,,11.9,8.64,7.2,15,17.14726291
81,3w,FW,6/3/2024 7:33,127.5,3.5,16.2,2901,760,2999,199.5,218.2,39.9,29.9,40.8,87.93103448,86.17241379,,9.2,4.2,3.5,15,28.71372549
82,3w,FW,6/3/2024 7:34,132,3.2,20.5,3574,-58,3574,204,222.3,10.5,43.6,49.1,91.03448276,89.2137931,,13.5,3.84,3.2,15,26.63636364
83,3w,FW,6/3/2024 7:36,129.7,0.7,24.2,2312,420,2350,217.6,237.3,23.4,48.2,49,89.44827586,87.65931034,,17.2,0.84,0.7,15,21.06399383
84,3w,FW,6/3/2024 7:37,134.2,5.7,26.4,2069,484,2125,228,248.5,52.1,54.9,50.7,92.55172414,90.70068966,,19.4,6.84,5.7,15,19.02384501
85,3w,FW,6/3/2024 7:37,138.7,2.4,15.8,2635,783,2749,225.1,245.1,45,34.2,41.9,95.65517241,93.74206897,,8.8,2.88,2.4,15,24.64311464
86,3w,FW,6/3/2024 7:37,129.7,1.2,25.5,3624,59,3624,197.6,213.5,6.6,53.2,53.2,89.44827586,87.65931034,,18.5,1.44,1.2,15,28.39629915
87,Dr,Driver,6/3/2024 7:40,118.6,8.3,27.6,2135,624,2224,193.7,213,57.4,45.9,49.5,76.51612903,74.98580645,,15.6,9.96,8.3,10.5,23.26306914
88,Dr,Driver,6/3/2024 7:40,125.3,2.1,26.6,3202,895,3325,191,206.9,36.8,50.1,52.8,80.83870968,79.22193548,,14.6,2.52,2.1,10.5,32.69752594
89,Dr,Driver,6/3/2024 7:41,129.7,10.5,29,1559,218,1574,229.6,251.7,60.6,55.6,50,83.67741935,82.00387097,,17,12.6,10.5,10.5,13.70084811
90,Dr,Driver,6/3/2024 7:42,129.7,3.3,23.6,2090,684,2199,217.9,238.1,48.4,44.9,47.4,83.67741935,82.00387097,,11.6,3.96,3.3,10.5,21.38781804
91,Dr,Driver,6/3/2024 7:43,138.7,0.7,19.6,3297,125,3299,223,234.7,7.7,47,49.2,89.48387097,87.69419355,,7.6,0.84,0.7,10.5,24.67195386
92,Dr,Driver,6/3/2024 7:44,125.3,7.5,28.2,1675,286,1699,219.6,241.4,49,51.9,49.5,80.83870968,79.22193548,,16.2,9,7.5,10.5,15.65043895
1,5w,FW,6/6/2024 7:28,114.1,0,15.8,2535,-447,2574,175.3,195.4,-14.2,22.3,35.2,78.68965517,77.11586207,,8.8,0,0,19,18.29973707
2,5w,FW,6/6/2024 7:30,123,0.6,21.9,5140,935,5224,174.9,187.8,21.1,41.1,51.1,84.82758621,83.13103448,,14.9,0.72,0.6,19,49.3902439
3,5w,FW,6/6/2024 7:30,118.6,3,14.1,3757,2336,4424,162.6,174.5,51.2,20.5,36.5,81.79310345,80.15724138,,7.1,3.6,3,19,51.37436762
4,5w,FW,6/6/2024 7:31,116.3,4.1,24.3,5900,1546,6099,156.5,167.9,35.6,39.4,52.1,80.20689655,78.60275862,,17.3,4.92,4.1,19,64.02407567
5,6i,Iron,6/6/2024 7:32,87.2,2.1,18.1,4724,1298,4899,108.9,122.6,16.5,14.4,34.5,69.76,68.3648,,13.1,2.52,2.1,31,69.05963303
6,6i,Iron,6/6/2024 7:33,87.2,2.7,26.1,2968,194,2974,119.1,134.1,9.5,22.4,42.3,69.76,68.3648,,21.1,3.24,2.7,31,36.26146789
7,Dr,Driver,6/6/2024 7:33,125.3,4.5,25.5,5825,2048,6175,167,178.2,48.8,46.8,54.4,80.83870968,79.22193548,,13.5,5.4,4.5,10.5,62.83320032
8,Dr,Driver,6/6/2024 7:34,120.8,7,24.2,4972,1972,5349,168.2,172.6,54.6,42.1,52.6,77.93548387,76.37677419,,12.2,8.4,7,10.5,57.48344371
9,Dr,Driver,6/6/2024 7:34,125.3,2.4,18.7,1872,-543,1949,209.2,232.1,-17.1,30.9,38.8,80.83870968,79.22193548,,6.7,2.88,2.4,10.5,10.60654429
10,Dr,Driver,6/6/2024 7:35,116.3,0.8,23.1,3766,1013,3900,171.4,186.3,27,37.2,48.7,75.03225806,73.5316129,,11.1,0.96,0.8,10.5,41.09200344
11,Dr,Driver,6/6/2024 7:35,129.7,1.6,19.1,4426,656,4474,193.9,208.5,23.1,40.7,48.9,83.67741935,82.00387097,,7.1,1.92,1.6,10.5,39.18272938
12,Dr,Driver,6/6/2024 7:36,116.3,9.5,25.8,3877,2182,4449,163.6,169.8,70.5,39.2,51.7,75.03225806,73.5316129,,13.8,11.4,9.5,10.5,52.09802236
13,Dr,Driver,6/6/2024 7:36,120.8,2.3,24,5976,2799,6599,160.9,170.7,48.2,40.7,53.1,77.93548387,76.37677419,,12,2.76,2.3,10.5,72.64072848
14,Dr,Driver,6/6/2024 7:37,129.7,0.4,20.4,1912,-804,2074,217.3,239.1,-39.2,36.5,42.5,83.67741935,82.00387097,,8.4,0.48,0.4,10.5,8.542791056
15,Dr,Driver,6/6/2024 7:38,109.6,14.6,31.2,3084,1856,3599,151.8,162,78.1,43.2,58,70.70967742,69.29548387,,19.2,17.52,14.6,10.5,45.0729927
16,Dr,Driver,6/6/2024 7:38,116.3,6.4,29.8,2787,1412,3124,173.3,179.3,56.9,46.9,53.3,75.03225806,73.5316129,,17.8,7.68,6.4,10.5,36.10490112
17,Dr,Driver,6/6/2024 7:38,123,3.2,23,5793,2778,6425,164,172.5,51.5,39.9,52.5,79.35483871,77.76774194,,11,3.84,3.2,10.5,69.68292683
18,Dr,Driver,6/6/2024 7:39,129.7,5.1,9.1,3946,1946,4400,176.7,183.1,52.7,16.9,31.6,83.67741935,82.00387097,,-2.9,6.12,5.1,10.5,45.42791056
19,Dr,Driver,6/6/2024 7:40,118.6,7.7,21.7,7564,3593,8374,154.4,158,59.2,36.5,52,76.51612903,74.98580645,,9.7,9.24,7.7,10.5,94.07251265
20,Dr,Driver,6/6/2024 7:40,120.8,6.1,23.9,137,-266,299,185.4,228.3,26.3,22.8,28.8,77.93548387,76.37677419,,11.9,7.32,6.1,10.5,-1.067880795
21,Dr,Driver,6/6/2024 7:41,123,3.5,18.5,6339,1923,6624,168.8,180.1,41.4,34.8,49.1,79.35483871,77.76774194,,6.5,4.2,3.5,10.5,67.17073171
22,Dr,Driver,6/6/2024 7:41,123,-4.5,22.9,5460,2235,5900,169.2,181.2,25.1,41.4,52.4,79.35483871,77.76774194,,10.9,-5.4,-4.5,10.5,62.56097561
23,Dr,Driver,6/6/2024 7:42,127.5,4.6,21.6,5701,2434,6199,174,178.3,53.5,41.6,52.3,82.25806452,80.61290323,,9.6,5.52,4.6,10.5,63.80392157
24,Dr,Driver,6/6/2024 7:42,127.5,-1.2,23.1,3733,937,3849,192.7,209,23.6,45.8,51.3,82.25806452,80.61290323,,11.1,-1.44,-1.2,10.5,36.62745098
25,Dr,Driver,6/6/2024 7:42,120.8,6,26,3438,1557,3774,175.4,180.8,54.9,43.3,51.8,77.93548387,76.37677419,,14,7.2,6,10.5,41.34933775
26,Dr,Driver,6/6/2024 7:43,127.5,1.2,22.5,4769,1227,4924,182.4,195.9,32.1,44.4,52,82.25806452,80.61290323,,10.5,1.44,1.2,10.5,47.02745098
27,Dr,Driver,6/6/2024 7:44,114.1,8.8,27.1,6678,4538,8074,145.1,149.3,70.2,39.4,55.4,73.61290323,72.14064516,,15.1,10.56,8.8,10.5,98.29973707
28,3w,FW,6/6/2024 7:45,120.8,13.5,24.4,5289,4847,7174,157.5,161.7,92.9,36.4,54.2,83.31034483,81.64413793,,17.4,16.2,13.5,15,83.90728477
29,3w,FW,6/6/2024 7:45,118.6,8.3,25.7,5302,3114,6149,159.5,165,70.8,41.2,54,81.79310345,80.15724138,,18.7,9.96,8.3,15,70.96121417
30,3w,FW,6/6/2024 7:45,132,-1.4,16.7,5098,2919,5875,180.6,193.5,50.5,32.8,47.2,91.03448276,89.2137931,,9.7,-1.68,-1.4,15,60.73484848
31,3w,FW,6/6/2024 7:46,107.4,6.3,21.9,2559,-584,2625,164.9,183.5,3.4,28.7,42.1,74.06896552,72.58758621,,14.9,7.56,6.3,15,18.38919926
32,3w,FW,6/6/2024 7:46,127.5,4.2,21.6,5690,2703,6299,173.1,177.3,55.7,41,52.3,87.93103448,86.17241379,,14.6,5.04,4.2,15,65.82745098
33,3w,FW,6/6/2024 7:46,127.5,3.1,19.7,3742,1339,3974,191.7,207.4,48.6,38.1,47.7,87.93103448,86.17241379,,12.7,3.72,3.1,15,39.85098039
34,3w,FW,6/6/2024 7:47,127.5,6.8,20.6,4176,1606,4474,184.9,190.4,57.8,39.2,49.4,87.93103448,86.17241379,,13.6,8.16,6.8,15,45.34901961
35,3w,FW,6/6/2024 7:48,116.3,-3.3,16.9,3743,1478,4024,166.4,181.8,21.4,25.3,40.8,80.20689655,78.60275862,,9.9,-3.96,-3.3,15,44.89251935
36,3w,FW,6/6/2024 7:49,125.3,8.9,22.5,4734,2597,5400,166.5,177.5,74.4,39.9,55.6,86.4137931,84.68551724,,15.5,10.68,8.9,15,58.5075818
37,Dr,Driver,6/6/2024 7:50,134.2,-0.5,17.3,2968,976,3124,214.8,233,35.6,36.7,44.6,86.58064516,84.84903226,,5.3,-0.6,-0.5,10.5,29.38897168
38,Dr,Driver,6/6/2024 7:51,118.6,8.7,27.4,2944,1314,3224,176.9,183,62.1,44.3,51.8,76.51612903,74.98580645,,15.4,10.44,8.7,10.5,35.90219224
39,Dr,Driver,6/6/2024 7:51,132,0.3,18.9,5286,2197,5724,183.2,196,45.4,38.8,50.1,85.16129032,83.45806452,,6.9,0.36,0.3,10.5,56.68939394
40,Dr,Driver,6/6/2024 7:52,120.8,0.4,22.3,6184,3278,6999,160.8,171.6,47.8,37.9,52,77.93548387,76.37677419,,10.3,0.48,0.4,10.5,78.32781457
41,Dr,Driver,6/6/2024 7:52,127.5,-2.9,25.1,4499,1672,4800,179.6,193,28.5,47.9,53.6,82.25806452,80.61290323,,13.1,-3.48,-2.9,10.5,48.4
42,Dr,Driver,6/6/2024 7:53,132,3.8,20.5,6398,2899,7024,176.3,180.1,55.6,42.2,52.9,85.16129032,83.45806452,,8.5,4.56,3.8,10.5,70.43181818
43,Dr,Driver,6/6/2024 7:53,120.8,-2.3,20.8,5089,2083,5499,167.7,180.6,30.3,35.5,49.2,77.93548387,76.37677419,,8.8,-2.76,-2.3,10.5,59.37086093
44,Dr,Driver,6/6/2024 7:54,125.3,-13.7,8.8,2248,85,2250,183.3,208.7,-46.9,13.1,23.1,80.83870968,79.22193548,,-3.2,-16.44,-13.7,10.5,18.61931365
45,Dr,Driver,6/6/2024 7:54,123,-7.9,23.7,3005,346,3025,191.3,208.5,-17,42.6,49,79.35483871,77.76774194,,11.7,-9.48,-7.9,10.5,27.24390244
46,Dr,Driver,6/6/2024 7:54,127.5,6.8,29.1,3675,1303,3899,183.3,188.5,55.4,55.4,55.4,82.25806452,80.61290323,,17.1,8.16,6.8,10.5,39.04313725
47,Dr,Driver,6/6/2024 7:55,125.3,5.8,29,6171,2796,6775,159.5,163.3,55.2,51.9,57.4,80.83870968,79.22193548,,17,6.96,5.8,10.5,71.56424581
48,Dr,Driver,6/6/2024 7:55,111.8,-2.6,27.2,4864,1446,5074,153.8,163.8,16.6,41.1,52.9,72.12903226,70.68645161,,15.2,-3.12,-2.6,10.5,56.44007156
49,Dr,Driver,6/6/2024 7:55,127.5,-5.1,21.1,5685,2069,6050,176.9,188.7,21.5,41.8,52,82.25806452,80.61290323,,9.1,-6.12,-5.1,10.5,60.81568627
50,Dr,Driver,6/6/2024 7:56,114.1,6.4,29.9,4302,2070,4774,155.4,159.9,52,45.4,55.1,73.61290323,72.14064516,,17.9,7.68,6.4,10.5,55.84574934
51,Dr,Driver,6/6/2024 7:56,118.6,-12.2,25.5,5232,-1525,5450,164.1,168.5,-60.3,43.7,53.3,76.51612903,74.98580645,,13.5,-14.64,-12.2,10.5,31.25632378
52,Dr,Driver,6/6/2024 7:57,123,0.4,20.2,4846,1586,5099,174.2,187.8,33.6,36.5,48.7,79.35483871,77.76774194,,8.2,0.48,0.4,10.5,52.29268293
53,Dr,Driver,6/6/2024 7:58,118.6,-0.1,18.1,4818,1672,5100,166.3,180.1,30.6,29.8,45.3,76.51612903,74.98580645,,6.1,-0.12,-0.1,10.5,54.72175379
54,5w,FW,6/6/2024 8:00,120.8,6.5,26.9,3876,1410,4124,172.4,177.6,50.4,45.8,53.2,83.31034483,81.64413793,,19.9,7.8,6.5,19,43.75827815
55,5w,FW,6/6/2024 8:00,116.3,8,26.3,227,473,525,185.9,216.4,54.2,27,33.8,80.20689655,78.60275862,,19.3,9.6,8,19,6.018916595
56,5w,FW,6/6/2024 8:01,123,-0.2,19.5,3874,63,3875,185.4,201,0.9,36.1,46.8,84.82758621,83.13103448,,12.5,-0.24,-0.2,19,32.00813008
57,5w,FW,6/6/2024 8:01,125.3,3.1,18.7,5747,1539,5949,175.1,187.5,38.4,36.6,49.3,86.4137931,84.68551724,,11.7,3.72,3.1,19,58.14844374
58,5w,FW,6/6/2024 8:01,116.3,2.8,25.8,6606,1808,6849,154.3,164.5,33.3,42.8,54,80.20689655,78.60275862,,18.8,3.36,2.8,19,72.34737747
59,5w,FW,6/6/2024 8:02,129.7,4.2,10.1,4224,1231,4400,183.7,200.1,43.1,20.6,35.5,89.44827586,87.65931034,,3.1,5.04,4.2,19,42.05859676
60,5w,FW,6/6/2024 8:02,118.6,2.6,26.8,6583,2853,7175,153.8,163.9,45.6,44.4,55.2,81.79310345,80.15724138,,19.8,3.12,2.6,19,79.56155143
61,5w,FW,6/6/2024 8:03,116.3,2.1,15.3,4426,-460,4450,166.5,181.2,-2.6,24.8,40.6,80.20689655,78.60275862,,8.3,2.52,2.1,19,34.10146174
62,5w,FW,6/6/2024 8:03,123,1.5,18.4,5716,312,5725,172.6,185.2,10.8,34.9,48.2,84.82758621,83.13103448,,11.4,1.8,1.5,19,49.00813008
63,5w,FW,6/6/2024 8:04,120.8,0.8,19.5,5724,1203,5849,168.3,180.5,23.4,35.1,48.8,83.31034483,81.64413793,,12.5,0.96,0.8,19,57.34271523
64,5w,FW,6/6/2024 8:04,111.8,8.3,22.5,4751,972,4849,158.9,172.6,42.9,34.4,48.6,77.10344828,75.56137931,,15.5,9.96,8.3,19,51.18962433
1,Dr,Driver,6/8/2024 22:53,109.6,3.1,27,4561,1411,4774,151.8,164.6,33.7,38.8,51.8,70.70967742,69.29548387,,15,3.72,3.1,10.5,54.48905109
2,Dr,Driver,6/8/2024 22:54,111.8,4.7,21.9,5388,2805,6074,150.6,159.4,50.5,31.4,48.5,72.12903226,70.68645161,,9.9,5.64,4.7,10.5,73.28264758
3,3w,FW,6/8/2024 22:55,109.6,8.8,23.3,440,91,449,170.1,206,35.7,21.1,29.3,75.5862069,74.07448276,,16.3,10.56,8.8,15,4.844890511
4,3w,FW,6/8/2024 22:56,114.1,1.6,24,6110,3096,6850,150.2,161.1,44.8,36.1,51.7,78.68965517,77.11586207,,17,1.92,1.6,15,80.68361087
5,3w,FW,6/8/2024 22:57,109.6,2,20.5,6064,3545,7024,143.6,154.5,46,27.7,46.8,75.5862069,74.07448276,,13.5,2.4,2,15,87.67335766
6,3w,FW,6/8/2024 22:58,123,1.3,24.6,5759,3119,6549,164,172.7,51.1,43,54.1,84.82758621,83.13103448,,17.6,1.56,1.3,15,72.17886179
7,3w,FW,6/8/2024 23:00,114.1,-3.4,24.9,5497,2276,5950,154.4,165.9,24.7,38.4,52.1,78.68965517,77.11586207,,17.9,-4.08,-3.4,15,68.12445223
8,3w,FW,6/8/2024 23:00,114.1,-1,27.7,5575,2282,6024,149.7,161,30.6,41.7,54.1,78.68965517,77.11586207,,20.7,-1.2,-1,15,68.86064855
9,3w,FW,6/8/2024 23:01,116.3,-2.9,25.7,5758,3424,6699,150.8,161.9,37.9,38.6,53.2,80.20689655,78.60275862,,18.7,-3.48,-2.9,15,78.95098882
10,3w,FW,6/8/2024 23:01,129.7,-0.3,13.9,4437,2759,5225,178.3,189.1,51,25.6,41.4,89.44827586,87.65931034,,6.9,-0.36,-0.3,15,55.48188126
11,3w,FW,6/8/2024 23:03,116.3,7.2,27,6759,4463,8100,147.7,152.8,68.5,41.2,55.7,80.20689655,78.60275862,,20,8.64,7.2,15,96.49183147
12,3w,FW,6/8/2024 23:03,111.8,-0.2,25.2,5022,2242,5500,152.2,164.2,34.6,36.7,51.3,77.10344828,75.56137931,,18.2,-0.24,-0.2,15,64.97316637
13,3w,FW,6/8/2024 23:04,125.3,-3.5,21.4,2766,-211,2774,202,220.1,-21.8,39.9,46.6,86.4137931,84.68551724,,14.4,-4.2,-3.5,15,20.39106145
14,3w,FW,6/8/2024 23:05,125.3,6,22.5,4675,2943,5524,170.4,175.7,69,38.4,51.3,86.4137931,84.68551724,,15.5,7.2,6,15,60.7980846
15,3w,FW,6/8/2024 23:06,116.3,3.4,25.5,3880,1607,4200,168.3,182.5,46.7,41,51.4,80.20689655,78.60275862,,18.5,4.08,3.4,15,47.17970765
16,3w,FW,6/8/2024 23:07,116.3,6.4,23.1,5354,2356,5849,159.1,163.4,51.9,36.9,50.9,80.20689655,78.60275862,,16.1,7.68,6.4,15,66.29406707
17,Dr,Driver,6/8/2024 23:08,120.8,-13.4,14.2,3331,1295,3574,174.5,192,-12.8,22.3,36.7,77.93548387,76.37677419,,2.2,-16.08,-13.4,10.5,38.29470199
18,Dr,Driver,6/8/2024 23:09,116.3,-1.8,26.3,3481,362,3500,174.9,190.1,3.9,44,51.4,75.03225806,73.5316129,,14.3,-2.16,-1.8,10.5,33.04385211
19,Dr,Driver,6/8/2024 23:10,118.6,-2.3,22.5,2837,596,2899,187.3,205.2,12,37.7,46.8,76.51612903,74.98580645,,10.5,-2.76,-2.3,10.5,28.9460371
20,Dr,Driver,6/8/2024 23:10,132,1,19,3953,1342,4175,198,213.4,41.9,39.8,48.6,85.16129032,83.45806452,,7,1.2,1,10.5,40.11363636
21,Dr,Driver,6/8/2024 23:12,118.6,1.3,15.8,2822,1340,3124,174.3,193.1,40.9,23.1,36.9,76.51612903,74.98580645,,3.8,1.56,1.3,10.5,35.09274874
22,Dr,Driver,6/8/2024 23:12,116.3,4.5,16.7,2627,891,2774,179.5,198.5,43.1,24.9,37.7,75.03225806,73.5316129,,4.7,5.4,4.5,10.5,30.24935512
23,Dr,Driver,6/8/2024 23:13,116.3,-10.7,14.7,2979,525,3025,175.8,194.4,-21.5,22.3,35.9,75.03225806,73.5316129,,2.7,-12.84,-10.7,10.5,30.12897678
24,Dr,Driver,6/8/2024 23:15,123,0.4,19.5,3384,1070,3549,185.3,201.9,32.1,34.1,45.5,79.35483871,77.76774194,,7.5,0.48,0.4,10.5,36.21138211
25,Dr,Driver,6/8/2024 23:16,114.1,4.6,17.7,612,-339,700,164.4,199.8,0.5,15.7,24,73.61290323,72.14064516,,5.7,5.52,4.6,10.5,2.392638037
26,Dr,Driver,6/8/2024 23:16,120.8,0.3,14.4,5207,3317,6174,160.6,171.8,48.6,23,40.7,77.93548387,76.37677419,,2.4,0.36,0.3,10.5,70.56291391
27,Dr,Driver,6/8/2024 23:17,118.6,2.8,15.2,2536,848,2674,181.3,201.5,37.1,22.5,35.2,76.51612903,74.98580645,,3.2,3.36,2.8,10.5,28.53288364
28,Dr,Driver,6/8/2024 23:19,123,-1.3,24.8,3538,663,3600,184.4,199.8,14.9,45,51.2,79.35483871,77.76774194,,12.8,-1.56,-1.3,10.5,34.15447154
29,4h,Hybrid,6/8/2024 23:22,89.5,5.5,40.9,3523,-97,3524,110.5,121.8,10.6,40.5,57.3,66.2962963,64.97037037,,35.9,6.6,5.5,22,38.27932961
30,4h,Hybrid,6/8/2024 23:22,98.4,-1.5,18.2,2474,-13,2474,142,160.6,-4.6,18.5,34,72.88888889,71.43111111,,13.2,-1.8,-1.5,22,25.0101626
31,4h,Hybrid,6/8/2024 23:22,120.8,-2,15,4150,-454,4175,180,195.9,-17.7,27.3,41.5,89.48148148,87.69185185,,10,-2.4,-2,22,30.59602649
32,4h,Hybrid,6/8/2024 23:23,107.4,-9.2,11.4,3095,-706,3175,144.9,164.9,-40.4,12.9,26.9,79.55555556,77.96444444,,6.4,-11.04,-9.2,22,22.24394786
33,4h,Hybrid,6/8/2024 23:23,94,2.4,17.2,2660,1330,2974,122,140.6,27,14.2,30.6,69.62962963,68.23703704,,12.2,2.88,2.4,22,42.44680851
34,4h,Hybrid,6/8/2024 23:23,111.8,3.7,20.4,1772,433,1824,180,202.4,31,26.7,37.6,82.81481481,81.15851852,,15.4,4.44,3.7,22,19.72271914
35,4h,Hybrid,6/8/2024 23:24,114.1,0.4,18.6,3267,613,3324,170.1,186.6,17.2,27.5,41.3,84.51851852,82.82814815,,13.6,0.48,0.4,22,34.00525855
36,4h,Hybrid,6/8/2024 23:27,118.6,0.9,17.5,3023,398,3049,185.1,203.6,15.8,29,41.1,87.85185185,86.09481481,,12.5,1.08,0.9,22,28.84485666
37,4h,Hybrid,6/8/2024 23:28,109.6,-2.1,17.4,4591,1399,4799,153.1,166.9,17.1,24.2,41.2,81.18518519,79.56148148,,12.4,-2.52,-2.1,22,54.65328467
38,4h,Hybrid,6/8/2024 23:28,96.2,-1.3,17.6,2789,1618,3224,124.5,142.4,22,15.1,32.3,71.25925926,69.83407407,,12.6,-1.56,-1.3,22,45.81081081
39,4h,Hybrid,6/8/2024 23:29,102.9,2.3,18.7,3867,1504,4149,139.5,154.6,30.2,21,39,76.22222222,74.69777778,,13.7,2.76,2.3,22,52.19630709
40,5h,Hybrid,6/8/2024 23:29,109.6,6.1,25.7,2302,837,2449,168.4,186.5,46.3,34.6,46.1,81.18518519,79.56148148,,20.7,7.32,6.1,25,28.64051095
41,5h,Hybrid,6/8/2024 23:29,105.1,5.8,25.9,2522,1096,2750,157.5,174.8,46.6,32.5,46.2,77.85185185,76.29481481,,20.9,6.96,5.8,25,34.42435775
42,5h,Hybrid,6/8/2024 23:30,109.6,-3.8,15,2072,-1919,2824,143.9,159,-47.9,14.8,28.7,81.18518519,79.56148148,,10,-4.56,-3.8,25,1.395985401
43,5h,Hybrid,6/8/2024 23:31,96.2,1.4,16.1,2202,-314,2224,131.5,152.6,-3.2,14.1,28.7,71.25925926,69.83407407,,11.1,1.68,1.4,25,19.62577963
44,5h,Hybrid,6/8/2024 23:32,118.6,0.4,18.6,2398,78,2399,190.4,210.7,4.5,29.4,40,87.85185185,86.09481481,,13.6,0.48,0.4,25,20.87689713
45,5h,Hybrid,6/8/2024 23:33,98.4,4.2,17.3,3296,161,3300,134.9,151.8,14.2,17.5,34.3,72.88888889,71.43111111,,12.3,5.04,4.2,25,35.13211382
46,5h,Hybrid,6/8/2024 23:34,107.4,-0.7,20.4,2612,445,2650,162.5,180.2,10,26.1,40.1,79.55555556,77.96444444,,15.4,-0.84,-0.7,25,28.46368715
47,Dr,Driver,6/8/2024 23:35,118.6,0.1,24.3,2826,843,2949,184.6,202.1,28.1,40.3,48.5,76.51612903,74.98580645,,12.3,0.12,0.1,10.5,30.93591906
48,Dr,Driver,6/8/2024 23:37,123,1.4,23.1,2458,282,2474,199.9,219.2,17.1,40.8,46.8,79.35483871,77.76774194,,11.1,1.68,1.4,10.5,22.27642276
49,Dr,Driver,6/8/2024 23:38,116.3,-1.2,22.9,2658,468,2699,182.3,200.9,11.6,35.9,45.7,75.03225806,73.5316129,,10.9,-1.44,-1.2,10.5,26.87876182
50,Dr,Driver,6/8/2024 23:39,118.6,2.5,21.9,2160,629,2250,190.9,211.4,34.6,33.9,43.1,76.51612903,74.98580645,,9.9,3,2.5,10.5,23.51602024
51,Dr,Driver,6/8/2024 23:39,111.8,-0.5,19.7,3479,1868,3949,157.6,173.6,36.4,26.3,42.2,72.12903226,70.68645161,,7.7,-0.6,-0.5,10.5,47.82647585
52,Dr,Driver,6/8/2024 23:40,123,-1.4,14.4,2869,685,2950,189.6,208.6,17.2,24.4,36.9,79.35483871,77.76774194,,2.4,-1.68,-1.4,10.5,28.89430894
1,4h,Hybrid,6/10/2024 1:42,94,5.2,23.8,3039,467,3075,134.1,149.4,22.4,24.1,41.8,69.62962963,68.23703704,,18.8,6.24,5.2,22,37.29787234
2,4h,Hybrid,6/10/2024 1:43,94,-3.8,20.5,2471,-134,2475,136.1,154.5,-13.3,19.8,36.3,69.62962963,68.23703704,,15.5,-4.56,-3.8,22,24.86170213
3,4h,Hybrid,6/10/2024 1:44,87.2,2.8,22.2,2321,-1113,2574,117.6,135.2,-11.9,17.3,35.8,64.59259259,63.30074074,,17.2,3.36,2.8,22,13.85321101
4,4h,Hybrid,6/10/2024 1:45,98.4,-1,20.7,3284,324,3300,138.3,154.1,3.1,22.1,39.6,72.88888889,71.43111111,,15.7,-1.2,-1,22,36.66666667
5,4h,Hybrid,6/10/2024 1:45,102.9,-3.7,19.3,3194,191,3200,151.6,168.1,-6.7,23.4,39.4,76.22222222,74.69777778,,14.3,-4.44,-3.7,22,32.89601555
6,4h,Hybrid,6/10/2024 1:46,100.7,-2.4,16.6,4363,992,4474,136.3,151,7.9,18.6,36.8,74.59259259,73.10074074,,11.6,-2.88,-2.4,22,53.17775571
7,4h,Hybrid,6/10/2024 1:46,102.9,-0.1,10.8,3404,-372,3424,131.2,150.6,-6.2,10.8,24.7,76.22222222,74.69777778,,5.8,-0.12,-0.1,22,29.46550049
8,8i,Iron,6/10/2024 1:48,85,-2.8,25.7,5015,-1054,5125,108.5,119.3,-15.4,21.3,44,68,66.64,,20.7,-3.36,-2.8,39,46.6
9,8i,Iron,6/10/2024 1:48,89.5,-1.4,25.2,5589,-1239,5725,113.9,124.3,-14.3,23,45.2,71.6,70.168,,20.2,-1.68,-1.4,39,48.60335196
10,8i,Iron,6/10/2024 1:49,80.5,3.7,27.9,5907,712,5950,98.8,108.3,12.1,21.1,45.7,64.4,63.112,,22.9,4.44,3.7,39,82.22360248
11,8i,Iron,6/10/2024 1:49,85,2.2,27.9,6044,263,6050,105.5,114.9,6.5,23.5,47,68,66.64,,22.9,2.64,2.2,39,74.2
12,8i,Iron,6/10/2024 1:49,78.3,2.8,28,5299,28,5299,97.2,107.2,5.6,20.3,44.9,62.64,61.3872,,23,3.36,2.8,39,68.03320562
13,8i,Iron,6/10/2024 1:50,82.8,1.3,29.2,6142,1156,6250,103.6,112.6,11.1,24.3,47.9,66.24,64.9152,,24.2,1.56,1.3,39,88.14009662
14,3w,FW,6/10/2024 1:52,114.1,2.2,26.3,4647,1843,4999,157.4,170.1,39.3,40.3,52.1,78.68965517,77.11586207,,19.3,2.64,2.2,15,56.87992989
15,3w,FW,6/10/2024 1:52,118.6,0.9,24.2,3949,1763,4325,171.3,185.5,42.6,40,50.9,81.79310345,80.15724138,,17.2,1.08,0.9,15,48.1618887
16,3w,FW,6/10/2024 1:53,123,-7.7,19.7,2782,490,2825,197.3,215.7,-11.3,35.2,44.3,84.82758621,83.13103448,,12.7,-9.24,-7.7,15,26.60162602
17,3w,FW,6/10/2024 1:55,125.3,7.1,25.2,4908,2798,5650,169,174.2,70.3,44,54.1,86.4137931,84.68551724,,18.2,8.52,7.1,15,61.50039904
18,3w,FW,6/10/2024 1:55,125.3,3.3,23.7,4494,2074,4949,175.8,180.6,52.9,42.9,52.3,86.4137931,84.68551724,,16.7,3.96,3.3,15,52.41819633
19,Dr,Driver,6/10/2024 1:57,123,-7.1,19.6,5027,2523,5625,169.6,182.5,22.7,33.9,48.4,79.35483871,77.76774194,,7.6,-8.52,-7.1,10.5,61.38211382
20,Dr,Driver,6/10/2024 1:57,118.6,-10.4,22.5,5218,2752,5899,161.5,173.3,12.8,36.4,50.7,76.51612903,74.98580645,,10.5,-12.48,-10.4,10.5,67.20067454
21,Dr,Driver,6/10/2024 1:58,118.6,-6.3,22.8,4440,2011,4874,168.6,182,20.2,37.7,50.2,76.51612903,74.98580645,,10.8,-7.56,-6.3,10.5,54.39291737
22,Dr,Driver,6/10/2024 1:58,123,7.3,24.8,5508,3901,6750,155.5,165.6,75,40.5,57.4,79.35483871,77.76774194,,12.8,8.76,7.3,10.5,76.49593496
23,Dr,Driver,6/10/2024 1:59,120.8,2.2,25.3,7843,4759,9174,149.9,152.9,52.2,41.4,55.5,77.93548387,76.37677419,,13.3,2.64,2.2,10.5,104.3211921
24,Dr,Driver,6/10/2024 1:59,116.3,-0.4,20.8,4995,2847,5749,159.2,172.1,44.3,32,48.1,75.03225806,73.5316129,,8.8,-0.48,-0.4,10.5,67.42906277
25,Dr,Driver,6/10/2024 2:00,120.8,-0.8,23.3,5572,2939,6300,161.5,173.4,43.5,38.6,51.8,77.93548387,76.37677419,,11.3,-0.96,-0.8,10.5,70.45529801
26,Dr,Driver,6/10/2024 2:00,123,-7.6,13.3,2233,-943,2424,186.4,194.9,-54.4,19.7,31.3,79.35483871,77.76774194,,1.3,-9.12,-7.6,10.5,10.48780488
27,Dr,Driver,6/10/2024 2:00,125.3,0.5,22.9,4832,2295,5349,175.7,188.5,47.8,42.2,52.3,80.83870968,79.22193548,,10.9,0.6,0.5,10.5,56.87948923
28,Dr,Driver,6/10/2024 2:01,125.3,0.9,19.9,6368,3359,7200,167.2,175.4,50.4,36.6,50.9,80.83870968,79.22193548,,7.9,1.08,0.9,10.5,77.62968875
29,Dr,Driver,6/10/2024 2:02,120.8,-3.9,19.9,1683,-235,1699,205.9,229.6,-28.1,30.9,38.5,77.93548387,76.37677419,,7.9,-4.68,-3.9,10.5,11.98675497
30,Dr,Driver,6/10/2024 2:02,114.1,3.1,25.4,7058,3922,8074,146.6,149.9,47.9,38.4,53.8,73.61290323,72.14064516,,13.4,3.72,3.1,10.5,96.23137599
31,Dr,Driver,6/10/2024 2:03,129.7,0.5,19.6,3543,974,3674,200.6,217.2,32.9,40.1,48,83.67741935,82.00387097,,7.6,0.6,0.5,10.5,34.82652274
32,Dr,Driver,6/10/2024 2:03,118.6,-2.1,22.4,3240,849,3349,180,196.6,17.1,37,47.4,76.51612903,74.98580645,,10.4,-2.52,-2.1,10.5,34.4772344
33,Dr,Driver,6/10/2024 2:04,123,-1.1,22.8,4599,2144,5074,173,186.4,40.1,40.1,51,79.35483871,77.76774194,,10.8,-1.32,-1.1,10.5,54.82113821
1,8i,Iron,6/12/2024 2:49,73.8,-3.2,30.1,3456,-359,3475,91.4,103.6,-9.1,18.9,43.5,59.04,57.8592,,25.1,-3.84,-3.2,39,41.96476965
2,8i,Iron,6/12/2024 2:49,78.3,-4.9,20.5,5824,31,5824,93.4,104.4,-8.9,13.4,35.8,62.64,61.3872,,15.5,-5.88,-4.9,39,74.77650064
3,5h,Hybrid,6/12/2024 2:52,98.4,-6.1,33.2,3338,-273,3349,137.6,151.5,-21.7,39.8,52.9,72.88888889,71.43111111,,28.2,-7.32,-6.1,25,31.14837398
4,5h,Hybrid,6/12/2024 2:52,100.7,-3.1,30,3643,-218,3650,143.3,157.1,-12.9,37.7,51.4,74.59259259,73.10074074,,25,-3.72,-3.1,25,34.01191658
5,5h,Hybrid,6/12/2024 2:53,105.1,-13,25.2,2764,-955,2924,155,161.3,-56.6,31.4,45.8,77.85185185,76.29481481,,20.2,-15.6,-13,25,17.21217888
6,5h,Hybrid,6/12/2024 2:53,109.6,-0.8,26.2,2822,-124,2825,169.1,186.3,-6.4,38.3,48.4,81.18518519,79.56148148,,21.2,-0.96,-0.8,25,24.61678832
7,5h,Hybrid,6/12/2024 2:54,107.4,-5.7,25.1,2926,-766,3025,162.3,180.2,-38.5,34.3,47,79.55555556,77.96444444,,20.1,-6.84,-5.7,25,20.11173184
8,5h,Hybrid,6/12/2024 2:55,118.6,-6.8,8.1,3481,-2165,4099,143.4,150.9,-46.9,9.9,22.6,87.85185185,86.09481481,,3.1,-8.16,-6.8,25,11.09612142
9,5h,Hybrid,6/12/2024 2:55,109.6,2.1,19,2825,371,2849,166.2,183.6,17,25.7,39.6,81.18518519,79.56148148,,14,2.52,2.1,25,29.16058394
10,5h,Hybrid,6/12/2024 2:56,118.6,2.5,27.4,2050,315,2074,197.9,217.5,24.2,46.3,49.2,87.85185185,86.09481481,,22.4,3,2.5,25,19.94097808
11,5h,Hybrid,6/12/2024 2:56,111.8,-2.8,29.1,3075,-387,3099,167.6,183.2,-19.8,44.6,52.1,82.81481481,81.15851852,,24.1,-3.36,-2.8,25,24.04293381
12,3w,FW,6/12/2024 2:57,125.3,-0.5,17.5,116,-94,149,128,182,13.8,10.4,18.8,86.4137931,84.68551724,,10.5,-0.6,-0.5,15,0.175578611
13,3w,FW,6/12/2024 2:58,100.7,-6.3,39.9,4887,-782,4949,119.5,129.8,-24.2,48.1,58.8,69.44827586,68.05931034,,32.9,-7.56,-6.3,15,40.76464747
14,3w,FW,6/12/2024 2:58,94,-9.6,47.1,4752,-1085,4874,98.8,107.9,-28.7,49.5,62.5,64.82758621,63.53103448,,40.1,-11.52,-9.6,15,39.0106383
15,3w,FW,6/12/2024 3:00,123,3.2,20.7,2368,718,2474,199.6,219.8,41.4,35.4,43.8,84.82758621,83.13103448,,13.7,3.84,3.2,15,25.08943089
16,3w,FW,6/12/2024 3:01,129.7,-5.8,10.9,2294,-1054,2525,194.5,202.9,-53.1,17.7,28.6,89.44827586,87.65931034,,3.9,-6.96,-5.8,15,9.560524287
17,3w,FW,6/12/2024 3:01,120.8,7.4,26.7,2834,1192,3074,184.6,190.8,59.1,45.2,51.4,83.31034483,81.64413793,,19.7,8.88,7.4,15,33.32781457
18,3w,FW,6/12/2024 3:02,105.1,-5.1,38.1,5351,-1155,5474,127,137.3,-27.1,50.5,59,72.48275862,71.03310345,,31.1,-6.12,-5.1,15,39.92388202
19,3w,FW,6/12/2024 3:02,100.7,1.3,35.9,4561,-348,4574,130,141.4,-1.9,45.1,56.6,69.44827586,68.05931034,,28.9,1.56,1.3,15,41.83714002
20,Dr,Driver,6/12/2024 3:03,132,-0.3,19.2,2699,370,2724,217.9,237.2,14.9,40,45.5,85.16129032,83.45806452,,7.2,-0.36,-0.3,10.5,23.25
21,Dr,Driver,6/12/2024 3:04,123,-5.3,21.1,3615,-660,3675,188.1,204.4,-38.1,39,48.2,79.35483871,77.76774194,,9.1,-6.36,-5.3,10.5,24.02439024
22,Dr,Driver,6/12/2024 3:06,127.5,4.2,25.5,1840,715,1974,216.7,237.7,55.6,46.5,48,82.25806452,80.61290323,,13.5,5.04,4.2,10.5,20.03921569
23,Dr,Driver,6/12/2024 3:07,134.2,-1.8,20.3,2372,365,2400,224.3,244.5,10.4,41.8,45.6,86.58064516,84.84903226,,8.3,-2.16,-1.8,10.5,20.39493294
24,Dr,Driver,6/12/2024 3:08,129.7,-8,22.6,3490,-773,3575,197.9,209.5,-52.9,45.5,50.5,83.67741935,82.00387097,,10.6,-9.6,-8,10.5,20.94834233
25,Dr,Driver,6/12/2024 3:08,125.3,-6.6,28.9,4295,-685,4349,178,191.7,-39.4,55.6,55.7,80.83870968,79.22193548,,16.9,-7.92,-6.6,10.5,28.81085395
26,Dr,Driver,6/12/2024 3:09,127.5,-8,25.1,4499,-49,4499,183.4,196.3,-28.9,49.9,53.5,82.25806452,80.61290323,,13.1,-9.6,-8,10.5,34.90196078
27,Dr,Driver,6/12/2024 3:10,132,0.1,22.2,2025,554,2099,224.9,246.5,30.5,43.2,45.8,85.16129032,83.45806452,,10.2,0.12,0.1,10.5,19.53787879
28,Dr,Driver,6/12/2024 3:11,125.3,0.2,30.6,4097,134,4099,174.5,188.3,4.1,57.3,56.2,80.83870968,79.22193548,,18.6,0.24,0.2,10.5,33.7669593
29,Dr,Driver,6/12/2024 3:12,132,-1.8,21.9,3844,484,3874,199.1,214.3,8,46.4,50.9,85.16129032,83.45806452,,9.9,-2.16,-1.8,10.5,32.78787879
30,Dr,Driver,6/12/2024 3:12,127.5,-8.5,16.5,1144,-1609,1974,178.3,188.4,-75.6,19,29.2,82.25806452,80.61290323,,4.5,-10.2,-8.5,10.5,-3.647058824
31,Dr,Driver,6/12/2024 3:13,123,2.4,30.7,2479,594,2549,190.1,207.4,31.9,54.5,53.8,79.35483871,77.76774194,,18.7,2.88,2.4,10.5,24.98373984
32,Dr,Driver,6/12/2024 3:13,136.5,-6.1,21.7,3707,365,3725,212,227.8,-11.6,50.7,51.6,88.06451613,86.30322581,,9.7,-7.32,-6.1,10.5,29.83150183
33,Dr,Driver,6/12/2024 3:14,116.3,-6.1,26.4,3988,305,4000,169.7,183.8,-12.5,44,51.8,75.03225806,73.5316129,,14.4,-7.32,-6.1,10.5,36.91315563
34,Dr,Driver,6/12/2024 3:15,143.2,-5.3,15.1,2903,-646,2974,231.7,251,-51.8,36.3,42.9,92.38709677,90.53935484,,3.1,-6.36,-5.3,10.5,15.76117318
35,Dr,Driver,6/12/2024 3:18,132,-5.5,23.9,2842,201,2849,211.3,229.6,-13.7,49.6,50.5,85.16129032,83.45806452,,11.9,-6.6,-5.5,10.5,23.0530303
36,Dr,Driver,6/12/2024 3:19,136.5,-2.3,20.6,2199,47,2200,236.7,258,-7.6,44.6,45.8,88.06451613,86.30322581,,8.6,-2.76,-2.3,10.5,16.45421245
